Title,Date,Url
June / July 2007,"GearcheckJune 2007 | June 20, 2007",https://www.jazzedmagazine.com/articles/gearcheck/june-july-2007-2/
Feb / March 2007,"Hot WaxMarch 2007 | March 8, 2007",https://www.jazzedmagazine.com/articles/hot-wax/feb-march-2007-3/
Oct / Nov 2006,"March 2007NoteWorthy | March 16, 2007",https://www.jazzedmagazine.com/articles/noteworthy/oct-nov-2006-3/
Alex Skolnick,"June 2007What's on Your Playlist? | June 21, 2007",https://www.jazzedmagazine.com/articles/whats-on-your-playlist/alex-skolnick/
Slash Chords – An Introduction,"Focus SessionJune 2007 | June 20, 2007",https://www.jazzedmagazine.com/articles/focus-session/slash-chords-an-introduction/
Feb / March 2007,"March 2007NoteWorthy | March 16, 2007",https://www.jazzedmagazine.com/articles/noteworthy/feb-march-2007/
NEC Announces 2022 Commencement Speaker & Honorary Degree Recipients,"News | April 28, 2022",https://www.jazzedmagazine.com/news/nec-announces-2022-commencement-speaker-honorary-degree-recipients/
Introducing Students to the Giants of Jazz,"June 2007Roundtable | June 21, 2007",https://www.jazzedmagazine.com/articles/roundtable/introducing-students-to-the-giants-of-jazz/
Stanley Clarke,"May 2007What's on Your Playlist? | May 3, 2007",https://www.jazzedmagazine.com/articles/whats-on-your-playlist/stanley-clarke/
April/May 2007,"May 2007NoteWorthy | May 3, 2007",https://www.jazzedmagazine.com/archives/may-2007/aprilmay-2007/
"24th Annual Healdsburg Jazz Festival Announces Artist Lineup June 13-19, 2022","News | April 5, 2022",https://www.jazzedmagazine.com/news/24th-annual-healdsburg-jazz-festival-announces-artist-lineup-june-13-19-2022/
April/May 2007,"Hot WaxMay 2007 | May 3, 2007",https://www.jazzedmagazine.com/articles/hot-wax/aprilmay-2007-2/
92Y Announces Jazz in July 2022,"News | May 9, 2022",https://www.jazzedmagazine.com/news/92y-announces-jazz-in-july-2022/
Luminarts Cultural Foundation Announces 2022 Jazz Fellows,"News | April 20, 2022",https://www.jazzedmagazine.com/news/luminarts-cultural-foundation-announces-2022-jazz-fellows/
Jazz Ensemble New Releases from Excelcia Music Publishing,"Gearcheck | May 12, 2022",https://www.jazzedmagazine.com/articles/gearcheck/jazz-ensemble-new-releases-from-excelcia-music-publishing/
ISC Announces 2021 Winners,"News | May 12, 2022",https://www.jazzedmagazine.com/news/isc-announces-2021-winners/
Gretsch G5201E Rancher Penguin Parlor Acoustics/Electrics,"Gearcheck | April 27, 2022",https://www.jazzedmagazine.com/articles/gearcheck/gretsch-g5201e-rancher-penguin-parlor-acoustics-electrics/
"International Jazz Day 2022, a Call for Global Peace and Unity","News | April 21, 2022",https://www.jazzedmagazine.com/news/international-jazz-day-2022-a-call-for-global-peace-and-unity/
Fender Celebrates 60th Anniversary Jaguar Limited Edition Collection,"Gearcheck | April 27, 2022",https://www.jazzedmagazine.com/articles/gearcheck/fender-celebrates-60th-anniversary-jaguar-limited-edition-collection/
15-Watt Howitzer Guitar Preamp/Amp from Electro-Harmonix,"Gearcheck | March 31, 2021",https://www.jazzedmagazine.com/articles/gearcheck/15-watt-howitzer-guitar-preamp-amp-from-electro-harmonix/
National Museum of African American Music Opens in Nashville,"January/February 2021Spotlight | February 9, 2021",https://www.jazzedmagazine.com/articles/spotlight/national-museum-of-african-american-music-opens-in-nashville/
ISC Announces 2020 Finalists,"News | March 10, 2021",https://www.jazzedmagazine.com/news/isc-announces-2020-finalists/
What’s on Your Playlist – Noah Haidu?,"January/February 2021What's on Your Playlist? | February 9, 2021",https://www.jazzedmagazine.com/articles/whats-on-your-playlist/whats-on-your-playlist-noah-haidu/
Godin Montreal Premiere HT Trans White,"Gearcheck | March 3, 2021",https://www.jazzedmagazine.com/articles/gearcheck/godin-montreal-premiere-ht-trans-white/
"“We Are Jazz Musicians who Play Violin, Not Violinists who Play Jazz”","Guest EditorialJanuary/February 2021 | February 9, 2021",https://www.jazzedmagazine.com/articles/guest-editorial/we-are-jazz-musicians-who-play-violin-not-violinists-who-play-jazz/
April-May 2008,"Hot WaxMay 2008 | May 7, 2008",https://www.jazzedmagazine.com/articles/hot-wax/april-may-2008-2/
The Gretsch Streamliner Collection,"Gearcheck | April 13, 2022",https://www.jazzedmagazine.com/articles/gearcheck/the-gretsch-streamliner-collection/
Lobero Theatre Presents Derek Douget Band in PPV Performance Streaming March 19-21,"News | March 5, 2021",https://www.jazzedmagazine.com/news/lobero-theatre-presents-derek-douget-band-in-ppv-performance-streaming-march-19-21/
Dr. Willis Kirk: A Sacred Jazz Life,"March 2013Spotlight | March 25, 2013",https://www.jazzedmagazine.com/articles/spotlight/dr-willis-kirk-a-sacred-jazz-life/
Standards? Determining Curricular Repertoire,"Lessons LearnedSeptember 2011 | September 20, 2011",https://www.jazzedmagazine.com/articles/lessons-learned/standards-determining-curricular-repertoire/
July 2008,"August 2008Gearcheck | August 20, 2008",https://www.jazzedmagazine.com/articles/gearcheck/july-2008-2/
Pacific’s Brubeck Quintet in D.C. to Salute to Jazz Diplomacy,"News | October 3, 2013",https://www.jazzedmagazine.com/news/pacifics-brubeck-quintet-in-d-c-to-salute-to-jazz-diplomacy/
The Power of Pentatonics,"August 2008Focus Session | August 19, 2008",https://www.jazzedmagazine.com/articles/focus-session/the-power-of-pentatonics/
Berklee Celebrates 20 Years of International Network,"News | October 3, 2013",https://www.jazzedmagazine.com/news/berklee-celebrates-20-years-of-international-network/
September 2008,"Hot WaxOctober 2008 | October 21, 2008",https://www.jazzedmagazine.com/articles/hot-wax/september-2008-2/
Sara Serpa: What’s on Your Playlist?,"March 2013What's on Your Playlist? | March 25, 2013",https://www.jazzedmagazine.com/articles/whats-on-your-playlist/sara-serpa-whats-on-your-playlist/
"September, 2008","GearcheckOctober 2008 | October 21, 2008",https://www.jazzedmagazine.com/articles/gearcheck/september-2008/
Jazz Arts Group Announces Hank Marr High School Jazz Award,"News | May 23, 2013",https://www.jazzedmagazine.com/news/jazz-arts-group-announces-hank-marr-high-school-jazz-award/
Desautels Faculty of Music Jazz Students and Faculty Performing at the TD Winnipeg International Jazz Festival,"News | June 16, 2016",https://www.jazzedmagazine.com/news/desautels-faculty-of-music-jazz-students-and-faculty-performing-at-the-td-winnipeg-international-jazz-festival/
"Lessons Learned: “Standards” – Determining Curricular Repertoire, Part 1","July 2011Lessons Learned | July 26, 2011",https://www.jazzedmagazine.com/articles/lessons-learned/lessons-learned-%e2%80%9cstandards%e2%80%9d-determining-curricular-repertoire-part-1/
Levy’s Introduces a New Look to the Guitar Hanger and Expands its Strap Line,"Gearcheck | March 3, 2021",https://www.jazzedmagazine.com/articles/gearcheck/levys-introduces-a-new-look-to-the-guitar-hanger-and-expands-its-strap-line/
Creating Intervallic Phrases on Guitar Using Pedal Tone and Slide Patterns,"April/May 2021Focus Session | April 20, 2021",https://www.jazzedmagazine.com/articles/focus-session/creating-intervallic-phrases-on-guitar-using-pedal-tone-and-slide-patterns/
The Guitar Center Music Foundation Raises More than $500K to Assist Music Programs in Need,"News | March 8, 2021",https://www.jazzedmagazine.com/news/the-guitar-center-music-foundation-leverages-the-reach-of-guitar-center-stores-and-website-to-raise-over-500k-to-assist-music-programs-in-need/
Henna Dragon Ukuleles from Luna Guitars,"Gearcheck | March 17, 2021",https://www.jazzedmagazine.com/articles/gearcheck/henna-dragon-ukuleles-from-luna-guitars/
April Guitar Cloud Symposium Focuses on Essential Skills and Welcomes Steve Lukather April 16-19,"News | April 5, 2021",https://www.jazzedmagazine.com/news/april-guitar-cloud-symposium-focuses-on-essential-skills-and-welcomes-steve-lukather-april-16-19/
SeventhAnnual Sunset Jazz at Newport,"News | August 11, 2016",https://www.jazzedmagazine.com/news/seventhannual-sunset-jazz-at-newport/
A Conversation with Seamus Blake,"November 2011 | December 1, 2011",https://www.jazzedmagazine.com/archives/november-2011/a-conversation-with-seamus-blake/
Jazz Courses for Non-Jazz Students,"August/September 2018Guest Editorial | September 5, 2018",https://www.jazzedmagazine.com/articles/guest-editorial/jazz-courses-for-non-jazz-students/
Sunburst and Monaco ‘Special K’ Models from Hamer,"Gearcheck | July 9, 2019",https://www.jazzedmagazine.com/articles/gearcheck/sunburst-and-monaco-special-k-models-from-hamer/
Hot Wax – Album Reviews: October 2015,"Hot WaxOctober 2015 | October 27, 2015",https://www.jazzedmagazine.com/articles/hot-wax/hot-wax-album-reviews-october-2015/
Three-Horn Writing for the Jazz Sextet,"Basic TrainingMarch 2016 | April 8, 2016",https://www.jazzedmagazine.com/articles/basic-training/three-horn-writing-for-the-jazz-sextet/
Juilliard Jazz Presents “The Music of Thelonious Monk”,"News | March 24, 2016",https://www.jazzedmagazine.com/news/juilliard-jazz-presents-the-music-of-thelonious-monk/
Danny Green – What’s on Your Playlist?,"March 2016What's on Your Playlist? | April 8, 2016",https://www.jazzedmagazine.com/articles/whats-on-your-playlist/danny-green-whats-on-your-playlist/
Gear Check – January 2016,"GearcheckJanuary 2016 | December 31, 2015",https://www.jazzedmagazine.com/articles/gearcheck/gear-check-january-2016/
Mastering Chord Tones – Not Scales – to Excel at Improvisation,"Focus SessionJanuary 2016 | December 31, 2015",https://www.jazzedmagazine.com/articles/focus-session/mastering-chord-tones-not-scales-to-excel-at-improvisation/
Ken Hatfield,"January 2009What's on Your Playlist? | January 22, 2009",https://www.jazzedmagazine.com/articles/whats-on-your-playlist/ken-hatfield/
March 2009,"GearcheckMarch 2009 | March 18, 2009",https://www.jazzedmagazine.com/articles/gearcheck/march-2009/
"Phil Woods, Benny Carter, and the Alto Brotherhood","January 2016 | December 31, 2015",https://www.jazzedmagazine.com/articles/featured/phil-woods-benny-carter-and-the-alto-brotherhood/
"John Scofield: Jazz Can be Learned, but it Can’t be Taught","October 2009Spotlight | October 28, 2009",https://www.jazzedmagazine.com/articles/spotlight/john-scofield-jazz-can-be-learned-but-it-cant-be-taught/
Hot Wax – January 2016,"Hot WaxJanuary 2016 | December 31, 2015",https://www.jazzedmagazine.com/articles/hot-wax/hot-wax-january-2016/
"2009, November","December 2009Gearcheck | December 9, 2009",https://www.jazzedmagazine.com/articles/gearcheck/2009-november/
JAZZed in the Classroom,"In The ClassroomJanuary 2009 | January 22, 2009",https://www.jazzedmagazine.com/articles/in-the-classroom/jazzed-in-the-classroom-2/
Tia Fuller: ‘Crystallized Vision’,"March 2019Spotlight | March 14, 2019",https://www.jazzedmagazine.com/articles/spotlight/tia-fuller-crystallized-vision/
Creating and Using Synthetic Scales for Guitar,"Basic TrainingNovember 2010 | November 19, 2010",https://www.jazzedmagazine.com/articles/basic-training/creating-and-using-synthetic-scales-for-guitar/
Hot Wax – May 2019,"April/May 2019Hot Wax | May 8, 2019",https://www.jazzedmagazine.com/articles/hot-wax/hot-wax-may-2019/
July 2009,"GearcheckSeptember 2009 | September 14, 2009",https://www.jazzedmagazine.com/articles/gearcheck/july-2009-2/
Charting a Course in Jazz History,"March 2019Print Music | March 14, 2019",https://www.jazzedmagazine.com/archives/march-2019/charting-a-course-in-jazz-history/
Bart Marantz: Anything is Possible,"February 2009Spotlight | February 6, 2009",https://www.jazzedmagazine.com/articles/spotlight/bart-marantz-anything-is-possible/
Hot Wax – March 2019,"Hot WaxMarch 2019 | March 14, 2019",https://www.jazzedmagazine.com/articles/hot-wax/hot-wax-march-2019/
New from Beard Guitars,"Gearcheck | September 19, 2018",https://www.jazzedmagazine.com/articles/gearcheck/new-from-beard-guitars/
Chicago Jazz Philharmonic Premieres ‘Chicago Immigrant Stories II’,"News | June 27, 2019",https://www.jazzedmagazine.com/news/chicago-jazz-philharmonic-premieres-chicago-immigrant-stories-ii/
May 2009,"GearcheckJune 2009 | June 9, 2009",https://www.jazzedmagazine.com/articles/gearcheck/may-2009-2/
The Fauna Phoenix Acoustic-Electric Black Guitar from Luna,"Gearcheck | December 2, 2020",https://www.jazzedmagazine.com/articles/gearcheck/fauna-phoenix-acoustic-electric-black/
"Virtuoso Guitarist Oz Noy Details his Inspirations, Celestion and… the F-Word","News | December 16, 2021",https://www.jazzedmagazine.com/news/virtuoso-guitarist-oz-noy-details-his-inspirations-celestion-and-the-f-word/
Examining Bill Evans’ Solo from ‘I’ve Got You Under My Skin’,"Focus SessionJanuary 2019 | January 4, 2019",https://www.jazzedmagazine.com/articles/focus-session/examining-bill-evans-solo-from-ive-got-you-under-my-skin/
Cort Guitars Adds Exotic Bocote Tonewood to Flagship Gold Series of Acoustics ﻿,"Gearcheck | January 19, 2022",https://www.jazzedmagazine.com/articles/gearcheck/cort-guitars-adds-exotic-bocote-tonewood-to-flagship-gold-series-of-acoustics-%ef%bb%bf/
What’s On Your Playlist: Josh Sinton,"March 2019What's on Your Playlist? | March 14, 2019",https://www.jazzedmagazine.com/articles/whats-on-your-playlist/whats-on-your-playlist-josh-sinton/
Fender Launches Signature Kingfish Telecaster Deluxe,"Gearcheck | August 17, 2022",https://www.jazzedmagazine.com/articles/gearcheck/fender-launches-signature-kingfish-telecaster-deluxe/
Applications for Carnegie Hall’s NYO Jazz Program Close January 31,"News | January 9, 2019",https://www.jazzedmagazine.com/news/applications-for-carnegie-halls-nyo-jazz-program-close-january-31/
Cort Unveils Upgraded Artisan C4 and C5 Plus OVMH Bass Guitars﻿,"Gearcheck | July 13, 2021",https://www.jazzedmagazine.com/articles/gearcheck/cort-unveils-upgraded-artisan-c4-and-c5-plus-ovmh-bass-guitars%ef%bb%bf/
Kenny Werner – Still the Master,"January 2019Spotlight | January 4, 2019",https://www.jazzedmagazine.com/articles/spotlight/kenny-werner-still-the-master/
PRS Guitars Introduces HX Amplifiers Built with ‘Authentic Hendrix’ Touring Circuit,"Gearcheck | June 24, 2021",https://www.jazzedmagazine.com/articles/gearcheck/prs-guitars-introduces-hx-amplifiers-built-with-authentic-hendrix-touring-circuit/
The Roto-Grip from Grover,"Gearcheck | January 9, 2019",https://www.jazzedmagazine.com/articles/gearcheck/the-roto-grip-from-grover/
Rome Neal’s Banana Puddin’ Jazz Honors Late Playwright August Wilson with “Seven Jazzy Guitars” on May 25,"News | May 10, 2021",https://www.jazzedmagazine.com/news/rome-neals-banana-puddin-jazz-honors-late-playwright-august-wilson-with-seven-jazzy-guitars-on-may-25/
MusicNomad’s GOMAD Guitarist Gig Bag,"Gearcheck | October 8, 2021",https://www.jazzedmagazine.com/articles/gearcheck/musicnomads-gomad-guitarist-gig-bag/
Hot Wax – Album Reviews: January 2019,"Hot WaxJanuary 2019 | January 4, 2019",https://www.jazzedmagazine.com/articles/hot-wax/hot-wax-album-reviews-january-2019/
The Guitar Center Music Foundation Fulfilled Grants for Music Programs Nationwide,"News | May 12, 2021",https://www.jazzedmagazine.com/news/the-guitar-center-music-foundation-fulfilled-grants-for-music-programs-nationwide/
Gearcheck – December 2018,"GearcheckNovember/December 2018 | December 20, 2018",https://www.jazzedmagazine.com/articles/gearcheck/gearcheck-december-2018/
Clef Club Presents 2014 Jazz Awards,"News | October 24, 2014",https://www.jazzedmagazine.com/news/clef-club-presents-2014-jazz-awards/
Daniel Glass,"March 2014Spotlight | March 26, 2014",https://www.jazzedmagazine.com/articles/spotlight/daniel-glass/
Jerry Leake – What’s on your Playlist?,"April/May 2016What's on Your Playlist? | May 20, 2016",https://www.jazzedmagazine.com/articles/whats-on-your-playlist/jerry-leake-whats-on-your-playlist/
GearCheck: December 2014,"GearcheckNovember/December 2014 | December 3, 2014",https://www.jazzedmagazine.com/articles/gearcheck/gearcheck-december-2014/
Michael Spiro: What’s On Your Playlist?,"August/September 2014What's on Your Playlist? | September 5, 2014",https://www.jazzedmagazine.com/articles/whats-on-your-playlist/michael-spiro-whats-on-your-playlist/
What’s On Your Playlist: Dominique Eade,"November/December 2014What's on Your Playlist? | December 3, 2014",https://www.jazzedmagazine.com/articles/whats-on-your-playlist/whats-on-your-playlist-dominique-eade/
Hot Wax: April/May 2018,"April/May 2018Hot Wax | May 7, 2018",https://www.jazzedmagazine.com/articles/hot-wax/hot-wax-april-may-2018/
Gearcheck: April/May 2018,"April/May 2018Gearcheck | May 7, 2018",https://www.jazzedmagazine.com/articles/gearcheck/gearcheck-april-may-2018/
Jazz Arts Group Announces Winner Of Hank Marr High School Jazz Award,"News | May 16, 2014",https://www.jazzedmagazine.com/news/jazz-arts-group-announces-winner-of-hank-marr-high-school-jazz-award/
Mick Taylor: Soul Survivor,"Lessons LearnedOctober 2007 | October 30, 2007",https://www.jazzedmagazine.com/articles/lessons-learned/mick-taylor-soul-survivor/
Raul Midón – Owning Your Artistry,"March 2018Spotlight | March 21, 2018",https://www.jazzedmagazine.com/articles/spotlight/raul-midon-owning-your-artistry/
Gearcheck – March 2018,"GearcheckMarch 2018 | March 21, 2018",https://www.jazzedmagazine.com/articles/gearcheck/gearcheck-march-2018/
Mike Stern: Music is Endless,"October 2007Spotlight | October 30, 2007",https://www.jazzedmagazine.com/articles/spotlight/mike-stern-music-is-endless/
August / September 2007,"Hot WaxSeptember 2007 | September 5, 2007",https://www.jazzedmagazine.com/articles/hot-wax/august-september-2007/
Gear Check – March 2016,"GearcheckMarch 2016 | April 8, 2016",https://www.jazzedmagazine.com/articles/gearcheck/gear-check-march-2016/
Joshua Redman: Contributing to the Collaborative Art Form,"September 2007Spotlight | September 5, 2007",https://www.jazzedmagazine.com/articles/spotlight/joshua-redman-contributing-to-the-collaborative-art-form/
August / September 2007,"GearcheckSeptember 2007 | September 5, 2007",https://www.jazzedmagazine.com/articles/gearcheck/august-september-2007-2/
D’Addario XS 80/20 Bronze Now Available,"Gearcheck | August 3, 2022",https://www.jazzedmagazine.com/articles/gearcheck/daddario-xs-80-20-bronze-now-available/
Hal Leonard to Distribute DrumnBase Rugs to U.S. and Canada,"Gearcheck | August 3, 2022",https://www.jazzedmagazine.com/articles/gearcheck/hal-leonard-to-distribute-drumnbase-rugs-to-u-s-and-canada/
DC Jazz Festival Adds Ron Carter and Mambo Legends Orchestra to 2022 Lineup!,"News | June 29, 2022",https://www.jazzedmagazine.com/news/dc-jazz-festival-adds-ron-carter-and-mambo-legends-orchestra-to-2022-lineup/
"Fender Expands CA Coast Ukes Series, Updates Existing Models","Gearcheck | July 12, 2022",https://www.jazzedmagazine.com/articles/gearcheck/fender-expands-ca-coast-ukes-series-updates-existing-models/
Carol Kaye and Peter Asher to be Honored at 37th Annual TEC Awards,"News | May 17, 2022",https://www.jazzedmagazine.com/news/carol-kaye-and-peter-asher-to-be-honored-at-37th-annual-tec-awards/
2022 Jersey City Jazz Festival Announces Lineup,"News | May 18, 2022",https://www.jazzedmagazine.com/news/2022-jersey-city-jazz-festival-announces-lineup/
John Coltrane International Jazz And Blues Festival Preps For 9th Edition,"News | July 25, 2019",https://www.jazzedmagazine.com/news/john-coltrane-international-jazz-and-blues-festival-preps-for-9th-edition/
Electro-Harmonix Clip-On Tuner,"Gearcheck | August 21, 2019",https://www.jazzedmagazine.com/articles/gearcheck/electro-harmonix-clip-on-tuner/
9th Annual John Coltrane International Jazz And Blues Festival Caps Off The Summer,"News | August 21, 2019",https://www.jazzedmagazine.com/news/9th-annual-john-coltrane-international-jazz-and-blues-festival-caps-off-the-summer/
Billy Cobham – ‘Playing His Story’,"August/September 2019Spotlight | August 28, 2019",https://www.jazzedmagazine.com/articles/spotlight/billy-cobham-playing-his-story/
Tony Bennett – All Time Greatest Hits from Hal Leonard,"Gearcheck | July 25, 2019Hal Leonard and Tony Bennett are coming together to bring Bennett’s biggest songs to the sheet music world with two editions of Tony Bennett – All Time Greatest Hits. Available for both Piano/Vocal/Guitar and Hal Leonard’s E-Z Play Today formats, Tony Bennett – All Time Greatest Hits features all of Bennett’s major classics from the 2011 album of the same name. Songs featured include: “The Best Is Yet to Come,” “Cheek to Cheek,” “Don’t Get Around Much Anymore,” “Everybody’s Talkin (Echoes),” “Fly Me to the Moon (In Other Words),” “For Once in My Life,” “The Good Life,” “I Left My Heart in San Francisco,” “I Wanna Be Around,” “It Had to Be You,” and more. More exciting books are planned for release soon, including the Tony Bennett Sheet Music Anthology, a PVG folio of 100 of Bennett’s top tunes. The PVG folio of Tony Bennett – All Time Greatest Hits is available for $17.99, while the E-Z Play Today folio is available for $14.99.www.halleonard.com",https://www.jazzedmagazine.com/articles/gearcheck/tony-bennett-all-time-greatest-hits-from-hal-leonard/
GearCheck – August 2019,"August/September 2019Gearcheck | August 28, 2019",https://www.jazzedmagazine.com/articles/gearcheck/gearcheck-august-2019/
"At 40, the Montréal Jazz Festival is Global Fusion in Motion","August/September 2019Jazz Festivals Worldwide | August 28, 2019",https://www.jazzedmagazine.com/articles/jazz-festivals-worldwide/at-40-the-montreal-jazz-festival-is-global-fusion-in-motion/
Berklee Institute of Jazz and Gender Justice and Ucross Announce Partnership,"News | June 29, 2022",https://www.jazzedmagazine.com/news/berklee-institute-of-jazz-and-gender-justice-and-ucross-announce-partnership/
Jazz Ensemble New Releases from Excelcia Music Publishing,"Gearcheck | May 17, 2022",https://www.jazzedmagazine.com/articles/gearcheck/jazz-ensemble-new-releases-from-excelcia-music-publishing-2/
October/November 2007,"GearcheckOctober 2007 | October 30, 2007",https://www.jazzedmagazine.com/articles/gearcheck/octobernovember-2007/
Album Reviews-August/September 2014,"August/September 2014Uncategorized | September 5, 2014",https://www.jazzedmagazine.com/uncategorized/album-reviews-augustseptember-2014/
Roland Announces E-X50 Arranger Keyboard,"Gearcheck | June 15, 2022",https://www.jazzedmagazine.com/articles/gearcheck/roland-announces-e-x50-arranger-keyboard/
DIME Set to Open in 2014,"News | April 18, 2014",https://www.jazzedmagazine.com/news/dime-set-to-open-in-2014/
Focus Session: Horace Silver,"Focus SessionNovember/December 2014 | December 3, 2014",https://www.jazzedmagazine.com/articles/focus-session/focus-session-horace-silver/
Henry Heller’s New Leather Straps,"Gearcheck | December 26, 2018",https://www.jazzedmagazine.com/articles/gearcheck/henry-hellers-new-leather-straps/
George Garzone: Keep Going… Just Keep Playing,"ArchivesAugust/September 2021Spotlight | September 16, 2021",https://www.jazzedmagazine.com/archives/george-garzone-keep-going-just-keep-playing/
BOSS Unveils Waza-Air Bass Wireless Personal Amplification System,"Gearcheck | September 2, 2021",https://www.jazzedmagazine.com/articles/gearcheck/boss-unveils-waza-air-bass-wireless-personal-amplification-system/
Jazz By the Water Celebrating Jazz Yesterday and Toaday: A Free Jazz Concert on Governors Island,"News | September 7, 2021",https://www.jazzedmagazine.com/news/jazz-by-the-water-celebrating-jazz-yesterday-and-toaday-a-free-jazz-concert-on-governors-island/
New Strings from Martin Guitars,"Gearcheck | October 17, 2018",https://www.jazzedmagazine.com/articles/gearcheck/new-strings-from-martin-guitars/
Yamaha’s FG Red Label Acoustic Guitars,"Gearcheck | June 11, 2019",https://www.jazzedmagazine.com/articles/gearcheck/yamahas-fg-red-label-acoustic-guitars-2/
GoFundMe Created For Guitarist Juris,"News | July 9, 2019",https://www.jazzedmagazine.com/news/gofundme-created-for-guitarist-juris/
Yamaha’s FG Red Label Acoustic Guitars,"Gearcheck | May 29, 2019",https://www.jazzedmagazine.com/articles/gearcheck/yamahas-fg-red-label-acoustic-guitars/
New Stow-Away Guitars from Stewart Guitars,"Gearcheck | January 23, 2019",https://www.jazzedmagazine.com/articles/gearcheck/new-stow-away-guitars-from-stewart-guitars/
Berklee Names Perlak Chair Of The Guitar Department,"News | October 31, 2018",https://www.jazzedmagazine.com/news/berklee-names-perlak-chair-of-the-guitar-department/
Nicky Schrire -What’s on Your Playlist?,"October 2013What's on Your Playlist? | November 8, 2013",https://www.jazzedmagazine.com/articles/whats-on-your-playlist/nicky-schrire-whats-on-your-playlist/
Dave Stryker Quartet Featuring Warren Wolf will Perform Live & Online at Keystone Korner Baltimore May 21-23,"News | May 17, 2021",https://www.jazzedmagazine.com/news/dave-stryker-quartet-featuring-warren-wolf-will-perform-live-online-at-keystone-korner-baltimore-may-21-23/
"Juilliard Jazz Presents The Latin Tinge: Ray Barretto, Cal Tjader, and Carlos Henriquez","News | December 2, 2016",https://www.jazzedmagazine.com/news/juilliard-jazz-presents-the-latin-tinge-ray-barretto-cal-tjader-and-carlos-henriquez/
Gearcheck: October 2017,"GearcheckOctober 2017 | November 7, 2017",https://www.jazzedmagazine.com/articles/gearcheck/gearcheck-october-2017/
Bassist Eddie Gomez Awarded Honorary Berklee Doctorate in Spain,"News | November 7, 2013",https://www.jazzedmagazine.com/news/bassist-eddie-gomez-awarded-honorary-berklee-doctorate-in-spain/
Swing Central Jazz Announces Twelve High School Jazz Bands To Participate In Savannah Music Festival,"News | December 14, 2016",https://www.jazzedmagazine.com/news/swing-central-jazz-announces-twelve-high-school-jazz-bands-to-participate-in-savannah-music-festival/
Helen Sung – Whats’ On Your Playlist?,"March 2014What's on Your Playlist? | March 26, 2014",https://www.jazzedmagazine.com/articles/whats-on-your-playlist/helen-sung-whats-on-your-playlist/
Gearcheck – August/September 2017,"August/September 2017Gearcheck | September 5, 2017",https://www.jazzedmagazine.com/articles/gearcheck/gearcheck-augustseptember-2017/
Stanton Moore: Keeping Time and Making Time,"November/December 2016Spotlight | December 13, 2016",https://www.jazzedmagazine.com/articles/spotlight/stanton-moore-keeping-time-and-making-time/
Paul Reed Smith and the Maryland Hall Take Annual Music School Online,"News | July 14, 2020",https://www.jazzedmagazine.com/news/paul-reed-smith-and-the-maryland-hall-take-annual-music-school-online/
"Juilliard Jazz to Present ‘The Music of Fletcher Henderson, Eddie Durham, and Bill Challis’","News | October 5, 2017",https://www.jazzedmagazine.com/news/juilliard-jazz-to-present-the-music-of-fletcher-henderson-eddie-durham-and-bill-challis/
Gear Check – August 2020,"August/September 2020Gearcheck | August 19, 2020",https://www.jazzedmagazine.com/articles/gearcheck/gear-check-august-2020/
Tyler Reese Makes His NYC Debut at Club Bonafide,"News | August 9, 2017",https://www.jazzedmagazine.com/news/tyler-reese-makes-his-nyc-debut-at-club-bonafide/
Hawaii Youth Symphony Offers Online Learning Youth Programs via HYS+,"News | August 10, 2020",https://www.jazzedmagazine.com/news/hawaii-youth-symphony-offers-online-learning-youth-programs-via-hys/
Sheila E.’s Elevate Oakland and The Guitar Center Music Foundation Surprise Oakland Middle School Students with New Music Room and Instruments,"News | February 25, 2022",https://www.jazzedmagazine.com/news/sheila-e-s-elevate-oakland-and-the-guitar-center-music-foundation-surprise-oakland-middle-school-students-with-new-music-room-and-instruments/
The Village Vanguard Continues Online Shows,"News | August 10, 2020",https://www.jazzedmagazine.com/news/the-village-vanguard-continues-online-shows/
Cort Guitars Adds Three New Builds to Core Series of Acoustic-Electrics,"Gearcheck | May 17, 2022",https://www.jazzedmagazine.com/articles/gearcheck/cort-guitars-adds-three-new-builds-to-core-series-of-acoustic-electrics/
Palmer Releases Collaborations in Honor of Breonna Taylor,"News | August 10, 2020",https://www.jazzedmagazine.com/news/palmer-releases-collaborations-in-honor-of-breonna-taylor/
Cort Turns Up Power with New KX307 ﻿Multi Scale Electric Guitar,"Gearcheck | July 12, 2022",https://www.jazzedmagazine.com/articles/gearcheck/cort-turns-up-power-with-new-kx307-%ef%bb%bfmulti-scale-electric-guitar/
What’s on Your Playlist – John Lake,"August/September 2020What's on Your Playlist? | August 19, 2020",https://www.jazzedmagazine.com/articles/whats-on-your-playlist/whats-on-your-playlist-john-lake/
Gear Check: October 2020,"GearcheckOctober 2020 | October 19, 2020",https://www.jazzedmagazine.com/articles/gearcheck/gear-check-october-2020/
"Brian Charette: Man in the Moment, Artist on the Fringe","January 2018Profile | January 15, 2018",https://www.jazzedmagazine.com/archives/january-2018/brian-charette-man-in-the-moment-artist-on-the-fringe/
Warwick Bass/Guitar Straps,"Gearcheck | January 27, 2022",https://www.jazzedmagazine.com/articles/gearcheck/warwick-bass-guitar-straps/
Warwick’s Distance Buffers,"Gearcheck | March 31, 2021",https://www.jazzedmagazine.com/articles/gearcheck/warwicks-distance-buffers/
Fully Immersed,"August/September 2020Spotlight | August 19, 2020",https://www.jazzedmagazine.com/articles/spotlight/fully-immersed/
Making Online Jazz Instruction Work,"October 2020Virtual Classrooms | October 19, 2020",https://www.jazzedmagazine.com/archives/october-2020/making-online-jazz-instruction-work/
"82 Percent of Parents Want Their Kids to Learn to Play a Musical Instrument, According to New Survey Spearheaded by Guitar Center","News | August 17, 2022",https://www.jazzedmagazine.com/news/82-percent-of-parents-want-their-kids-to-learn-to-play-a-musical-instrument-according-to-new-survey-spearheaded-by-guitar-center/
Charleston Jazz Announces Spring and Summer 2021 Events,"News | April 1, 2021",https://www.jazzedmagazine.com/news/charleston-jazz-announces-spring-and-summer-2021-events/
Hot Wax: December 2017,"Hot WaxNovember/December 2017 | November 30, 2017",https://www.jazzedmagazine.com/articles/hot-wax/hot-wax-december-2017/
Vermont Jazz Center Hosts Third Annual Emerging Artist Festival This Weekend,"News | November 17, 2020",https://www.jazzedmagazine.com/news/vermont-jazz-center-hosts-third-annual-emerging-artist-festival-this-weekend/
Chrissie Hynde and Joe Strummer Signature Models from Fender,"Gearcheck | March 31, 2021",https://www.jazzedmagazine.com/articles/gearcheck/chrissie-hynde-and-joe-strummer-signature-models-from-fender/
New England Conservatory’s Black Student Union Presents “Continuation of a Dream: Requiem” on Feb. 25,"News | February 5, 2021",https://www.jazzedmagazine.com/news/new-england-conservatorys-black-student-union-presents-continuation-of-a-dream-requiem-on-feb-25/
Trombone Shorty Foundation’s 5th Annual Shorty Fest Tickets On Sale Now,"News | March 23, 2017",https://www.jazzedmagazine.com/news/trombone-shorty-foundations-5th-annual-shorty-fest-tickets-on-sale-now/
Player Plus Studio Sessions: Powered by Fender – Winners Announced,"News | November 17, 2021",https://www.jazzedmagazine.com/news/player-plus-studio-sessions-powered-by-fender-winners-announced/
"JALC Welcomes All-Star Lineup for ‘Celebrating Chick Corea’, Jan. 13-14","News | January 4, 2022",https://www.jazzedmagazine.com/news/jalccorea/
Joe Satriani Swivel Straps from D’Addario,"Gearcheck | January 4, 2021",https://www.jazzedmagazine.com/articles/gearcheck/joe-satriani-swivel-straps-from-daddario/
The Silver Snark Tuner,"Gearcheck | November 17, 2020",https://www.jazzedmagazine.com/articles/gearcheck/the-silver-snark-tuner/
Gearcheck: December 2020,"GearcheckNovember/December 2020 | November 30, 2020",https://www.jazzedmagazine.com/articles/gearcheck/gearcheck-december-2020/
Fender Introduces the New Hybrid: Acoustasonic Player Telecaster,"Gearcheck | November 16, 2021",https://www.jazzedmagazine.com/articles/gearcheck/fender-introduces-the-new-hybrid-acoustasonic-player-telecaster/
Rosa Passos at Jazz at Lincoln Center,"News | November 7, 2016",https://www.jazzedmagazine.com/news/rosa-passos-at-jazz-at-lincoln-center/
1500 Sound Academy Announces Continued Partnership with Fender X 1500 Sound Academy Scholarship Program for 2022,"News | November 3, 2021",https://www.jazzedmagazine.com/news/1500-sound-academy-announces-continued-partnership-with-fender-x-1500-sound-academy-scholarship-program-for-2022/
Hot Wax – Album Reviews: March 2017,"Hot WaxMarch 2017 | March 20, 2017",https://www.jazzedmagazine.com/articles/hot-wax/hot-wax-album-reviews-march-2017/
Wadada Leo Smith presents the CREATE Festival,"News | March 23, 2017",https://www.jazzedmagazine.com/news/wadada-leo-smith-presents-the-create-festival/
DC Jazz Festival and the Kennedy Center Present An Evening with Pat Metheny,"News | March 9, 2017",https://www.jazzedmagazine.com/news/dc-jazz-festival-and-the-kennedy-center-present-an-evening-with-pat-metheny/
New Innovative Furch Blue and Yellow Models with Bevel Duo Ergonomic Feature,"Gearcheck | December 22, 2021",https://www.jazzedmagazine.com/articles/gearcheck/new-innovative-furch-blue-and-yellow-models-with-bevel-duo-ergonomic-feature/
Peavey Introduces P Series All-in-One Portable PA Systems with Bluetooth,"Gearcheck | February 15, 2022",https://www.jazzedmagazine.com/articles/gearcheck/peavey-introduces-p-series-all-in-one-portable-pa-systems-with-bluetooth/
Spotlight: Jim Snidero,"March 2021Spotlight | March 18, 2021",https://www.jazzedmagazine.com/articles/spotlight/spotlight-jim-snidero/
What’s on Your Playlist: Ben Rosenblum,"November/December 2020What's on Your Playlist? | November 30, 2020",https://www.jazzedmagazine.com/articles/whats-on-your-playlist/whats-on-your-playlist-ben-rosenblum/
Gruv Gear’s Gruv Challenge: Jazz Edition,"News | February 9, 2021",https://www.jazzedmagazine.com/news/gruv-gears-gruv-challenge-jazz-edition/
From Wooden Clocks to Wooden Flutes,"Artist SpotlightAugust/September 2020 | August 19, 2020",https://www.jazzedmagazine.com/archives/august-september-2020/from-wooden-clocks-to-wooden-flutes/
Dean Introduces Thoroughbred Select Floyd Quilt Maple Natural Black Burst Electric Guitar,"Gearcheck | March 1, 2022",https://www.jazzedmagazine.com/articles/gearcheck/dean-introduces-thoroughbred-select-floyd-quilt-maple-natural-black-burst-electric-guitar/
"Charleston Musicians Jazz Up the Classics with Symphonic Swing on May 21, 22","News | May 10, 2021",https://www.jazzedmagazine.com/news/charleston-musicians-jazz-up-the-classics-with-symphonic-swing/
Tyler Reese: What’s on Your Playlist?,"April/May 2017What's on Your Playlist? | May 1, 2017",https://www.jazzedmagazine.com/articles/whats-on-your-playlist/tyler-reese-whats-on-your-playlist/
Luna Guitars Introduces Vista Deer Cajon,"Gearcheck | May 17, 2022",https://www.jazzedmagazine.com/articles/gearcheck/luna-guitars-introduces-vista-deer-cajon/
Gearcheck: January 2017,"GearcheckJanuary/February 2017 | January 12, 2017",https://www.jazzedmagazine.com/articles/gearcheck/gearcheck-january-2017/
17th Annual Newport Beach Jazz Party & Big Band Blowout,"News | December 2, 2016",https://www.jazzedmagazine.com/news/17th-annual-newport-beach-jazz-party-big-band-blowout/
Stewart Copeland: Sticking it to Convention,"November/December 2017UpClose | November 30, 2017",https://www.jazzedmagazine.com/articles/upclose/stewart-copeland-sticking-it-to-convention/
George Cotsirilos – What’s on Your Playlist?,"November 2013What's on Your Playlist? | December 17, 2013",https://www.jazzedmagazine.com/articles/whats-on-your-playlist/george-cotsirilos-whats-on-your-playlist/
GearCheck – December 2016,"GearcheckNovember/December 2016 | December 13, 2016",https://www.jazzedmagazine.com/articles/gearcheck/gearcheck-december-2016/
Donny McCaslin: Working and Scheming,"October 2017Spotlight | November 7, 2017",https://www.jazzedmagazine.com/articles/spotlight/danny-mccaslin-working-and-scheming/
Hot Wax – August/September 2017,"August/September 2017Hot Wax | September 5, 2017",https://www.jazzedmagazine.com/articles/hot-wax/hot-wax-augustseptember-2017/
"Jazz Singer/Songwriter Rondi Charleston Video Raises $8,500 for Jazz Drama Program","News | January 21, 2014",https://www.jazzedmagazine.com/news/jazz-singersongwriter-rondi-charleston-video-raises-8500-for-jazz-drama-program/
Using Tone Rows in Jazz Composition Part III,"Basic TrainingJanuary 2014 | January 6, 2014",https://www.jazzedmagazine.com/articles/basic-training/using-tone-rows-in-jazz-composition-part-iii/
Electro-Harmonix Electric Guitar Strings,"Gearcheck | February 20, 2019",https://www.jazzedmagazine.com/articles/gearcheck/electro-harmonix-electric-guitar-strings/
Fingerstyle Jazz Guitar Solos from Hal Leonard,"Gearcheck | October 17, 2018",https://www.jazzedmagazine.com/articles/gearcheck/fingerstyle-jazz-guitar-solos-from-hal-leonard/
Frost School Of Music Hosts Guitar Foundation Of America’s (GFA) International Convention And Competition,"News | May 15, 2019",https://www.jazzedmagazine.com/news/frost-school-of-music-hosts-guitar-foundation-of-americas-gfa-international-convention-and-competition/
S.I.T Strings Guitars “CRT” Electric Guitar Strings,"Gearcheck | June 27, 2019",https://www.jazzedmagazine.com/articles/gearcheck/s-i-t-strings-guitars-crt-electric-guitar-strings/
John McLaughlin: Become Who You Are,"September 2012Spotlight | September 21, 2012",https://www.jazzedmagazine.com/articles/spotlight/john-mclaughlin-become-who-you-are/
Monk Institute All-Star Sextet Visits Los Angeles Public Schools,"News | March 8, 2013",https://www.jazzedmagazine.com/news/monk-institute-all-star-sextet-visits-los-angeles-public-schools/
March 2008,"GearcheckMarch 2008 | March 11, 2008",https://www.jazzedmagazine.com/articles/gearcheck/march-2008-3/
Jazz for Kids Program Hits 10 Years,"News | October 19, 2012",https://www.jazzedmagazine.com/news/jazz-for-kids-program-hits-10-years/
"VH1 Save the Music Foundation, NAMM and NAfME Honor Music Education Advocacy Heroes","News | March 22, 2013",https://www.jazzedmagazine.com/news/vh1-save-the-music-foundation-namm-and-nafme-honor-music-education-advocacy-heroes/
Kitty Margolis Master Class Kicks Off SFJAZZ Center’s Season,"News | February 20, 2013",https://www.jazzedmagazine.com/news/kitty-margolis-master-class-kicks-off-sfjazz-centers-season/
Jimmy Raney’s Solo on ‘Double Image’,"Focus SessionSeptember 2012 | September 21, 2012",https://www.jazzedmagazine.com/articles/focus-session/jimmy-raneys-solo-on-double-image/
Melvin Rhyne (1936-2013),"News | March 22, 2013",https://www.jazzedmagazine.com/news/melvin-rhyne-1936-2013/
Jazz At Lincoln Center’s Swing University Releases Spring 2013 Schedule,"News | March 22, 2013",https://www.jazzedmagazine.com/news/jazz-at-lincoln-centers-swing-university-releases-spring-2013-schedule/
Juilliard Jazz Announces Summer Camps and Workshops,"News | March 8, 2013",https://www.jazzedmagazine.com/news/juilliard-jazz-announces-summer-camps-and-workshops/
Hal Leonard Launches Revolutionary New Digital Books,"News | April 22, 2020",https://www.jazzedmagazine.com/news/hal-leonard-launches-revolutionary-new-digital-books/
Six Renowned Conductors To Lead High School All-National Honor Ensembles,"News | February 26, 2020",https://www.jazzedmagazine.com/news/six-renowned-conductors-to-lead-high-school-all-national-honor-ensembles/
Gearcheck: March 2020,"GearcheckMarch 2020 | March 18, 2020",https://www.jazzedmagazine.com/articles/gearcheck/gearcheck-march-2020/
TAMA’s Starphonic Bravura Concert Snare,"Gearcheck | June 4, 2020",https://www.jazzedmagazine.com/articles/gearcheck/tamas-starphonic-bravura-concert-snare/
Hot Wax -Album Reviews: March 2020,"Hot WaxMarch 2020 | March 18, 2020",https://www.jazzedmagazine.com/articles/hot-wax/hot-wax-album-reviews-march-2020/
Loog Pro VI Acoustic,"Gearcheck | June 4, 2020",https://www.jazzedmagazine.com/articles/gearcheck/loog-pro-vi-acoustic/
The HexHider Tool,"Gearcheck | May 6, 2020",https://www.jazzedmagazine.com/articles/gearcheck/the-hexhider-tool/
DC Jazz Festival takes Over The Wharf This Summer,"News | March 11, 2020",https://www.jazzedmagazine.com/news/dc-jazz-festival-takes-over-the-wharf-this-summer/
John Vanore – What’s on Your Playlist?,"March 2020What's on Your Playlist? | March 18, 2020",https://www.jazzedmagazine.com/articles/whats-on-your-playlist/john-vanore-whats-on-your-playlist/
Steve Jordan – Listen to Your Heart and the Groove,"March 2020Spotlight | March 18, 2020",https://www.jazzedmagazine.com/articles/spotlight/steve-jordan-listen-to-your-heart-and-the-groove/
Bob Sinicrope: Sharing the Gift of Music,"January 2008Spotlight | January 9, 2008",https://www.jazzedmagazine.com/articles/spotlight/bob-sinicrope-sharing-the-gift-of-music/
Dealing in Human Emotions,"August 2008Spotlight | August 19, 2008",https://www.jazzedmagazine.com/articles/spotlight/dealing-in-human-emotions/
April-May 2008,"GearcheckMay 2008 | May 7, 2008",https://www.jazzedmagazine.com/articles/gearcheck/april-may-2008/
January 2009,"GearcheckJanuary 2009 | January 22, 2009",https://www.jazzedmagazine.com/articles/gearcheck/january-2009-2/
Frost Music Live’s Virtual Concert Series: The Schedule through March 6,"News | February 12, 2021",https://www.jazzedmagazine.com/news/frost-music-lives-virtual-concert-series-the-schedule-through-march-6/
The Phil Jones Bass PE-5 Pedal,"Gearcheck | March 17, 2021",https://www.jazzedmagazine.com/articles/gearcheck/the-phil-jones-bass-pe-5-pedal/
Teaching Jazz Guitar To The Freshman Student,"Basic TrainingMarch 2009 | March 18, 2009",https://www.jazzedmagazine.com/articles/basic-training/teaching-jazz-guitar-to-the-freshman-student/
Eden MacAdam-Somer Presents Genre-Spanning Program at NEC,"News | September 6, 2013",https://www.jazzedmagazine.com/news/eden-macadam-somer-presents-genre-spanning-program-at-nec/
Oscar Castro-Neves Dies at 73,"News | October 3, 2013",https://www.jazzedmagazine.com/news/oscar-castro-neves-dies-at-73/
Luna’s Safari Vista Stallion Acoustic-Electric Travel Guitar,"Gearcheck | February 16, 2021",https://www.jazzedmagazine.com/articles/gearcheck/lunas-safari-vista-stallion-acoustic-electric-travel-guitar/
Alternative Guitar Summit Online Performers to Honor Pat Martino on March 20,"News | March 11, 2021",https://www.jazzedmagazine.com/news/alternative-guitar-summit-online-performers-to-honor-pat-martino-on-march-20/
Karen Young Receives the Oscar Peterson Award,"News | July 29, 2016",https://www.jazzedmagazine.com/news/karen-young-receives-the-oscar-peterson-award/
Juilliard Jazz presents “The Ever Modern Ellington: 1920-1970”,"News | September 2, 2016",https://www.jazzedmagazine.com/news/juilliard-jazz-presents-the-ever-modern-ellington-1920-1970/
Wadada Leo Smith Receives Hammer Museum’s 2016 Mohn Award,"News | September 1, 2016",https://www.jazzedmagazine.com/news/wadada-leo-smith-receives-hammer-museums-2016-mohn-award/
Chick Corea to Make History with Two-Month Birthday Celebration at The Blue Note,"News | June 30, 2016",https://www.jazzedmagazine.com/news/chick-corea-to-make-history-with-two-month-birthday-celebration-at-the-blue-note/
Gearcheck – September 2016,"GearcheckSeptember 2016 | September 6, 2016",https://www.jazzedmagazine.com/articles/gearcheck/gearcheck-september-2016/
Montreal Jazz Festival/Festival International de Jazz de Montréal,"News | June 30, 2016",https://www.jazzedmagazine.com/news/montreal-jazz-festivalfestival-international-de-jazz-de-montreal/
Berklee Lollapalooza Scholarships,"News | August 11, 2016",https://www.jazzedmagazine.com/news/berklee-lollapalooza-scholarships/
Renowned Jazz Bassist Dave Holland Earns 2017 NEA Jazz Masters Award,"News | June 30, 2016",https://www.jazzedmagazine.com/news/renowned-jazz-bassist-dave-holland-earns-2017-nea-jazz-masters-award/
Jimmy Ponder: 1946-2013,"News | September 19, 2013",https://www.jazzedmagazine.com/news/jimmy-ponder-1946-2013/
Flirting with C,"Focus SessionMarch 2013 | March 25, 2013",https://www.jazzedmagazine.com/articles/focus-session/flirting-with-c/
Wayne Shorter to Celebrate 80th Birthday In Newport At Festival,"News | May 1, 2013",https://www.jazzedmagazine.com/news/wayne-shorter-to-celebrate-80th-birthday-in-newport-at-festival/
Jazz at Lincoln Center Celebrates Charles Mingus Centennial,"News | March 17, 2022",https://www.jazzedmagazine.com/news/jazz-at-lincoln-center-celebrates-charles-mingus-centennial/
HotWax: September 2011,"Hot WaxSeptember 2011 | September 20, 2011",https://www.jazzedmagazine.com/articles/hot-wax/hotwax-september-2011/
Montreal Jazz Festival Another Large Scale Success,"September 2011 | September 20, 2011",https://www.jazzedmagazine.com/archives/september-2011/montreal-jazz-festival-another-large-scale-success/
Guest Editorial: Where are the Girls?,"Guest EditorialSeptember 2011 | September 20, 2011",https://www.jazzedmagazine.com/articles/guest-editorial/guest-editorial-where-are-the-girls/
Gregg Field: Multi-Task Master…,"November 2011Spotlight | December 1, 2011",https://www.jazzedmagazine.com/articles/spotlight/gregg-field-multi-task-master/
What’s on Your Playlist? Terri Lyne Carrington,"November 2011What's on Your Playlist? | December 1, 2011",https://www.jazzedmagazine.com/articles/whats-on-your-playlist/what%e2%80%99s-on-your-playlist-terri-lyne-carrington/
Gearcheck: September 2011,"GearcheckSeptember 2011 | September 20, 2011",https://www.jazzedmagazine.com/articles/gearcheck/gearcheck-september-2011/
The 2011 Tanglewood Jazz Festival:,"November 2011 | December 1, 2011",https://www.jazzedmagazine.com/archives/november-2011/the-2011-tanglewood-jazz-festival/
Gearcheck: November 2011,"GearcheckNovember 2011 | December 1, 2011",https://www.jazzedmagazine.com/articles/gearcheck/gearcheck-november-2011/
May 2012,"GearcheckMay 2012 | May 30, 2012",https://www.jazzedmagazine.com/articles/gearcheck/may-2012-2/
Joanne Brackeen: Learning from the Best,"March 2012Spotlight | March 28, 2012",https://www.jazzedmagazine.com/articles/spotlight/joanne-brackeen-learning-from-the-best/
Gearcheck – March 2012,"GearcheckMarch 2012 | March 28, 2012",https://www.jazzedmagazine.com/articles/gearcheck/gearcheck-march-2012/
Philadelphia Celebrates Inaugural Jazz Fest,"News | August 23, 2012",https://www.jazzedmagazine.com/news/philadelphia-celebrates-inaugural-jazz-fest/
Latin Music – A Primer,"Basic TrainingJanuary 2012 | January 9, 2012",https://www.jazzedmagazine.com/articles/basic-training/latin-music-a-primer/
Turning Brilliant Corners,"July 2012Spotlight | July 24, 2012",https://www.jazzedmagazine.com/articles/spotlight/turning-brilliant-corners/
What’s on Your Playlist?,"homeslideJuly 2012What's on Your Playlist? | July 24, 2012",https://www.jazzedmagazine.com/articles/whats-on-your-playlist/whats-on-your-playlist/
Kate McGarry & the Diplomacy of Jazz,"May 2012Spotlight | May 30, 2012",https://www.jazzedmagazine.com/articles/spotlight/kate-mcgarry-the-diplomacy-of-jazz/
NCC Jazz Announces 2012-2013 Faculty Concert Series,"News | August 23, 2012",https://www.jazzedmagazine.com/news/ncc-jazz-announces-2012-2013-faculty-concert-series/
AudioBox GO From PreSonus,"Gearcheck | February 15, 2022",https://www.jazzedmagazine.com/articles/gearcheck/audiobox-go-from-presonus/
Fender Custom Shop Reveals 2022 Prestige and Annual Collections,"Gearcheck | March 10, 2022",https://www.jazzedmagazine.com/articles/gearcheck/fender-custom-shop-reveals-2022-prestige-and-annual-collections/
Dizzy’s Club Announces March and April Lineup,"News | February 18, 2022",https://www.jazzedmagazine.com/news/dizzys-club-announces-march-and-april-lineup/
Next Jazz Legacy Announces Inaugural Women & Non-Binary Awardees,"News | February 23, 2022",https://www.jazzedmagazine.com/news/next-jazz-legacy-announces-inaugural-women-non-binary-awardees/
Fender Launches JV Modified Series,"Gearcheck | March 22, 2022",https://www.jazzedmagazine.com/articles/gearcheck/fender-launches-jv-modified-series/
DC Jazz Festival Appoints a New Chairman and Welcomes New Slate of Directors,"News | February 16, 2022",https://www.jazzedmagazine.com/news/dc-jazz-festival-appoints-a-new-chairman-and-welcomes-new-slate-of-directors/
"Fender Launches Star-Studded, 30 Day Digital Concert Series Supporting California Music & Arts Education Initiative","News | March 1, 2022",https://www.jazzedmagazine.com/news/fender-launches-star-studded-30-day-digital-concert-series-supporting-california-music-arts-education-initiative/
German Jazz Prize 2022,"News | March 15, 2022",https://www.jazzedmagazine.com/news/german-jazz-prize-2022/
Princeton University Jazz Festival 2022,"News | March 14, 2022",https://www.jazzedmagazine.com/news/princeton-university-jazz-festival-2022/
2015 Reader’s Poll Results,"January 2016 | December 31, 2015",https://www.jazzedmagazine.com/articles/featured/2015-readers-poll-results/
"Savannah Music Festival Announces Artists, Schedule for 2021 Spring Season on May 23-30","News | April 12, 2021",https://www.jazzedmagazine.com/news/savannah-music-festival-announces-artists-schedule-for-2021-spring-season-on-may-23-30/
The Grasso-Ravita Jazz Ensemble Presents “Jagged Spaces” May 2,"News | April 17, 2021",https://www.jazzedmagazine.com/news/the-grasso-ravita-jazz-ensemble-presents-jagged-spaces-may-2/
Carnegie Hall Announces Teen Musicians Selected for 2021 National Youth Ensembles,"News | April 16, 2021",https://www.jazzedmagazine.com/news/carnegie-hall-announces-teen-musicians-selected-for-2021-national-youth-ensembles/
Virtual Festival on June 12-13 to Feature Mutual Mentorship for Musicians Artists,"News | April 22, 2021",https://www.jazzedmagazine.com/news/virtual-festival-on-june-12-13-to-feature-mutual-mentorship-for-musicians-artists/
A Lieb of Faith,"April/May 2021Spotlight | April 20, 2021",https://www.jazzedmagazine.com/articles/spotlight/a-lieb-of-faith/
"Live at the Falcon: Cyrille Aimée Trio, April 29, 7PM","News | April 15, 2021",https://www.jazzedmagazine.com/news/live-at-the-falcon-cyrille-aimee-trio-april-29-7pm/
"Julian Lage, Melissa Aldana and Marshall Gilkes Join New England Conservatory’s Jazz Studies Faculty","News | April 27, 2021",https://www.jazzedmagazine.com/news/julian-lage-melissa-aldana-and-marshall-gilkes-join-new-england-conservatorys-jazz-studies-faculty/
GearCheck: April 2021,"April/May 2021Gearcheck | April 20, 2021",https://www.jazzedmagazine.com/articles/gearcheck/gearcheck-april-2021/
The Analog Effects Collection from PreSonus,"Gearcheck | April 13, 2021",https://www.jazzedmagazine.com/articles/gearcheck/the-analog-effects-collection-from-presonus/
Rez Abbasi Named 2021 Guggenheim Fellow,"News | April 14, 2021",https://www.jazzedmagazine.com/news/rez-abbasi-named-2021-guggenheim-fellow/
"Di Meola Receives Honorary Degree At Berklee’s Campus In Valencia, Spain","News | July 11, 2018",https://www.jazzedmagazine.com/news/di-meola-receives-honorary-degree-at-berklees-campus-in-valencia-spain/
Grace Kelly: Grace Under Pressure,"August/September 2018UpClose | September 5, 2018",https://www.jazzedmagazine.com/articles/upclose/grace-kelly-grace-under-pressure/
Gearcheck – September 2018,"August/September 2018Gearcheck | September 4, 2018",https://www.jazzedmagazine.com/articles/gearcheck/gearcheck-september-2018/
New Straps from D’Addario Accessories,"Gearcheck | November 14, 2018",https://www.jazzedmagazine.com/articles/gearcheck/new-straps-from-daddario-accessories/
"Kurt Elling, The Questions (Okeh)","Hot Wax | July 11, 2018",https://www.jazzedmagazine.com/articles/hot-wax/kurt-elling-the-questions-okeh/
Hot Wax: September 2018,"August/September 2018Hot Wax | September 5, 2018",https://www.jazzedmagazine.com/articles/hot-wax/hot-wax-september-2018/
Berklee Remembers Abercrombie With Signature Series Performance,"News | October 17, 2018",https://www.jazzedmagazine.com/news/berklee-remembers-abercrombie-with-signature-series-performance/
New Accessories from Daisy Rock,"Gearcheck | October 3, 2018",https://www.jazzedmagazine.com/articles/gearcheck/new-accessories-from-daisy-rock/
Sheptone’s Premium Nickel Wound Electric Guitar Strings,"Gearcheck | December 14, 2020",https://www.jazzedmagazine.com/articles/gearcheck/sheptones-premium-nickel-wound-electric-guitar-strings/
Juilliard Jazz Presents ‘Masters of Orchestration’,"News | October 3, 2018",https://www.jazzedmagazine.com/news/juilliard-jazz-presents-masters-of-orchestration/
Hot Wax – Album Reviews: March 2016,"Hot WaxMarch 2016 | April 8, 2016",https://www.jazzedmagazine.com/articles/hot-wax/hot-wax-album-reviews-march-2016/
"Phil Jones X4 Nanobass, A Multi Instrumental Mini Marvel","Gearcheck | August 3, 2022",https://www.jazzedmagazine.com/articles/gearcheck/phil-jones-x4-nanobass-a-multi-instrumental-mini-marvel/
Cuban Carnival – Featuring Buena Vista Legacy Band,"News | August 17, 2022",https://www.jazzedmagazine.com/news/cuban-carnival-featuring-buena-vista-legacy-band/
Music & Arts Launches ‘Music and You’ Brand Campaign,"News | August 26, 2022",https://www.jazzedmagazine.com/news/music-arts-launches-music-and-you-brand-campaign/
The Carlos A-frame guitar stand from K&M,"Gearcheck | September 19, 2018",https://www.jazzedmagazine.com/articles/gearcheck/the-carlos-a-frame-guitar-stand-from-km/
Frost School of Music Presents the Henry Mancini Institute Orchestra Feb. 19 on YouTube,"News | February 11, 2021",https://www.jazzedmagazine.com/news/frost-school-of-music-presents-the-henry-mancini-institute-orchestra-performing-feb-19-via-youtube/
Gearcheck: February 2021,"GearcheckJanuary/February 2021 | February 9, 2021",https://www.jazzedmagazine.com/articles/gearcheck/gearcheck-february-2021/
Seth Abramson,"September 2009What's on Your Playlist? | September 14, 2009",https://www.jazzedmagazine.com/articles/whats-on-your-playlist/seth-abramson/
Steve Shapiro,"February 2009What's on Your Playlist? | February 6, 2009",https://www.jazzedmagazine.com/articles/whats-on-your-playlist/steve-shapiro/
D’Addario’s New String Sets,"Gearcheck | October 16, 2019",https://www.jazzedmagazine.com/articles/gearcheck/daddarios-new-string-sets/
Gear Check: November 2019,"GearcheckNovember/December 2019 | November 22, 2019",https://www.jazzedmagazine.com/articles/gearcheck/gear-check-november-2019/
LokNob Dials from D’Addario,"Gearcheck | February 12, 2020",https://www.jazzedmagazine.com/articles/gearcheck/loknob-dials-from-daddario/
Jazz in Flyover Land – The Vibrant Minneapolis-St. Paul Scene,"March 2019On The Road | March 14, 2019",https://www.jazzedmagazine.com/archives/march-2019/jazz-in-flyover-land-the-vibrant-minneapolis-st-paul-scene/
NAMM Foundation Day Of Service Returns to Anaheim In January,"News | December 30, 2019",https://www.jazzedmagazine.com/news/namm-foundation-day-of-service-returns-to-anaheim-in-january/
Burrell Family Launches GoFundMe Campaign,"News | June 11, 2019",https://www.jazzedmagazine.com/news/burrell-family-launches-gofundme-campaign/
Local Band Day Lineup Announced For 2020 Charleston Jazz Festival,"News | December 4, 2019",https://www.jazzedmagazine.com/news/local-band-day-lineup-announced-for-2020-charleston-jazz-festival/
Gearcheck: March 2019,"GearcheckMarch 2019 | March 14, 2019",https://www.jazzedmagazine.com/articles/gearcheck/gearcheck-march-2019/
Jason Yeager – What’s On Your Playlist?,"January/February 2020What's on Your Playlist? | February 17, 2020",https://www.jazzedmagazine.com/articles/whats-on-your-playlist/jason-yeager-whats-on-your-playlist/
Hercules Plus Series,"Gearcheck | July 9, 2019",https://www.jazzedmagazine.com/articles/gearcheck/hercules-plus-series/
John Hébert Joins Western Michigan University Staff,"News | December 4, 2019",https://www.jazzedmagazine.com/news/john-hebert-joins-western-michigan-university-staff/
The Jazz Big Band: Ingredients To Assure Good Ensemble Performances,"December 2009Lessons Learned | December 9, 2009",https://www.jazzedmagazine.com/articles/lessons-learned/the-jazz-big-band-ingredients-to-assure-good-ensemble-performances/
Montréal International Jazz Fest Announces Second Wave of Artists for 41st Season,"News | February 12, 2020",https://www.jazzedmagazine.com/news/montreal-international-jazz-fest-announces-second-wave-of-artists-for-41st-season/
May 2010,"GearcheckMay 2010 | May 13, 2010",https://www.jazzedmagazine.com/articles/gearcheck/may-2010-2/
Hot Wax: Album Review – February 2020,"Hot WaxJanuary/February 2020 | February 17, 2020",https://www.jazzedmagazine.com/articles/hot-wax/hot-wax-album-review-february-2020/
Rufus Reid: A Chat With the Evolving Bassist,"May 2010Spotlight | May 13, 2010",https://www.jazzedmagazine.com/articles/spotlight/rufus-reid-a-chat-with-the-evolving-bassist/
Art Always Comes First – Michael League,"January/February 2020Spotlight | February 17, 2020",https://www.jazzedmagazine.com/articles/spotlight/art-always-comes-first-michael-league/
Playing Jazz on the Bassoon,"July 2010Lessons Learned | July 9, 2010",https://www.jazzedmagazine.com/articles/lessons-learned/playing-jazz-on-the-bassoon/
How to Make a Good Band Better,"January/February 2020Lessons Learned | February 17, 2020",https://www.jazzedmagazine.com/articles/lessons-learned/how-to-make-a-good-band-better/
Jeff Lorber,"July 2010What's on Your Playlist? | July 9, 2010",https://www.jazzedmagazine.com/articles/whats-on-your-playlist/jeff-lorber/
The Jazz Rhythm Section from Rowman,"Gearcheck | September 4, 2019",https://www.jazzedmagazine.com/articles/gearcheck/the-jazz-rhythm-section-from-rowman/
March 2010,"GearcheckMarch 2010 | March 25, 2010",https://www.jazzedmagazine.com/articles/gearcheck/march-2010/
Tearing Down the Silos,"NewsOctober 2019 | October 21, 2019",https://www.jazzedmagazine.com/news/tearing-down-the-silos/
The 2010 JEN Conference Virtual Outreach,"Jazz ForumSeptember 2010 | September 24, 2010",https://www.jazzedmagazine.com/articles/jazz-forum/the-2010-jen-conference-virtual-outreach/
Gearcheck: October 2019,"GearcheckOctober 2019 | October 21, 2019",https://www.jazzedmagazine.com/articles/gearcheck/gearcheck-october-2019/
Jazz Education Network: Our Network is growing#149;,"Guest EditorialMay 2010 | May 13, 2010",https://www.jazzedmagazine.com/articles/guest-editorial/jazz-education-network-our-network-is-growing149/
Hot Wax: November 2019,"Hot WaxNovember/December 2019 | November 22, 2019",https://www.jazzedmagazine.com/articles/hot-wax/hot-wax-november-2019/
"2010, January","GearcheckMarch 2010 | March 2, 2010",https://www.jazzedmagazine.com/articles/gearcheck/2010-january/
Hiromi: Composing with Colors,"October 2019Spotlight | October 21, 2019",https://www.jazzedmagazine.com/articles/spotlight/hiromi-composing-with-colors/
"November, 2009","December 2009NoteWorthy | December 9, 2009",https://www.jazzedmagazine.com/archives/december-2009/november-2009/
Rez Abbasi: Rekindling his Roots,"November/December 2019Spotlight | November 22, 2019",https://www.jazzedmagazine.com/articles/spotlight/rez-abbasi-rekindling-his-roots/
Transformation Awaits: The NAMM Show Announces Return to Anaheim in June 2022,"News | September 8, 2021",https://www.jazzedmagazine.com/news/transformation-awaits-the-namm-show-announces-return-to-anaheim-in-june-2022/
Richard Carrick Named Chair of Berklee’s Composition Department,"News | September 29, 2016",https://www.jazzedmagazine.com/news/richard-carrick-named-chair-of-berklees-composition-department/
Gearcheck – October 2016,"GearcheckOctober 2016 | October 19, 2016",https://www.jazzedmagazine.com/articles/gearcheck/gearcheck-october-2016/
"What’s on Your Playlist: Will Friedwald, Jordan Taylor, and Matthew Luthans","October 2019What's on Your Playlist? | October 21, 2019",https://www.jazzedmagazine.com/articles/whats-on-your-playlist/whats-on-your-playlist-will-friedwald-jordan-taylor-and-matthew-luthans/
Focus Session: Miles Davis,"Focus SessionMarch 2015 | April 9, 2015",https://www.jazzedmagazine.com/articles/focus-session/focus-session-miles-davis/
Charleston Jazz Hosts Benefit This October With Charlton Singleton,"News | September 18, 2019",https://www.jazzedmagazine.com/news/charleston-jazz-hosts-benefit-this-october-with-charlton-singleton/
New England Conservatory Hosts Tribute To Taylor,"News | October 16, 2019",https://www.jazzedmagazine.com/news/new-england-conservatory-hosts-tribute-to-taylor/
Morristown Jazz & Blues Festival Returns August 15th,"News | July 30, 2015",https://www.jazzedmagazine.com/news/morristown-jazz-blues-festival-returns-august-15th/
Road Map to Latin Jazz Style Interpretation,"Focus SessionSeptember 2016 | September 6, 2016",https://www.jazzedmagazine.com/articles/focus-session/road-map-to-latin-jazz-style-interpretation/
Berklee Launches Summer Program at Santa Monica High School,"News | April 17, 2015",https://www.jazzedmagazine.com/news/berklee-launches-summer-program-at-santa-monica-high-school/
Steve Miller and Jimmie Vaughan Pay Tribute to T-Bone Walker,"News | November 7, 2016",https://www.jazzedmagazine.com/news/steve-miller-and-jimmie-vaughan-pay-tribute-to-t-bone-walker/
Jazz at Filoli Celebrates 25th Anniversary,"News | May 28, 2015",https://www.jazzedmagazine.com/news/jazz-at-filoli-celebrates-25th-anniversary/
The Signature Series Presents Pablo Ziegler Meets Berklee,"News | October 21, 2016",https://www.jazzedmagazine.com/news/the-signature-series-presents-pablo-ziegler-meets-berklee/
Ibanez Artwood Vintage Lineup,"Products | September 24, 2015",https://www.jazzedmagazine.com/products/ibanez-artwood-vintage-lineup/
Music Rising Joins The Jazz Foundation of America For its 15th Annual Gala,"News | October 20, 2016",https://www.jazzedmagazine.com/news/music-rising-joins-the-jazz-foundation-of-america-for-its-15th-annual-gala/
2015 JJA Jazz Awards Honor Musical Excellence,"News | May 28, 2015",https://www.jazzedmagazine.com/news/2015-jja-jazz-awards-honor-musical-excellence/
Jason Anick – What’s on Your Playlist?,"October 2016What's on Your Playlist? | October 19, 2016",https://www.jazzedmagazine.com/articles/whats-on-your-playlist/jason-anick-whats-on-your-playlist/
Gearcheck – September 2015,"GearcheckSeptember 2015 | September 1, 2015",https://www.jazzedmagazine.com/articles/gearcheck/gearcheck-september-2015/
"Annette Peacock: Composer, Muse, Enigma","October 2016Outlier's Blues | October 19, 2016",https://www.jazzedmagazine.com/archives/october-2016/annette-peacock-composer-muse-enigma/
Hotwax – September 2015,"Hot WaxSeptember 2015 | September 1, 2015",https://www.jazzedmagazine.com/articles/hot-wax/hotwax-september-2015/
The Mom-and-Pop Jazz Shop that Could,"Jazz LoftOctober 2016 | October 19, 2016",https://www.jazzedmagazine.com/archives/october-2016/the-mom-and-pop-jazz-shop-that-could/
Gearcheck – March 2015,"GearcheckMarch 2015 | April 9, 2015",https://www.jazzedmagazine.com/articles/gearcheck/gearcheck-march-2015/
Keith Carlock,"October 2016Spotlight | October 19, 2016",https://www.jazzedmagazine.com/articles/spotlight/keith-carlock/
Ran Blake,"September 2015Spotlight | September 1, 2015",https://www.jazzedmagazine.com/articles/spotlight/ran-blake/
Gearcheck: January 2019,"GearcheckJanuary 2019 | January 4, 2019",https://www.jazzedmagazine.com/articles/gearcheck/gearcheck-january-2019/
New England Conservatory’s Pioneering Jazz Studies and Contemporary Improvisation Departments Present Fall 2021 Season,"News | August 19, 2021",https://www.jazzedmagazine.com/news/new-england-conservatorys-pioneering-jazz-studies-and-contemporary-improvisation-departments-present-fall-2021-season/
New Classes at the Charlestown Jazz Academy,"News | August 24, 2021",https://www.jazzedmagazine.com/news/new-classes-at-the-charlestown-jazz-academy/
PRS Guitars and John Mayer Officially Introduce the Long-Awaited PRS SE Silver Sky,"Gearcheck | January 18, 2022",https://www.jazzedmagazine.com/articles/gearcheck/prs-guitars-and-john-mayer-officially-introduce-the-long-awaited-prs-se-silver-sky/
Luna Guitars Adds Bamboo Parlor Acoustic Electric Guitar to Exotic Woodland Series,"Gearcheck | November 17, 2021",https://www.jazzedmagazine.com/articles/gearcheck/luna-guitars-adds-bamboo-parlor-acoustic-electric-guitar-to-exotic-woodland-series/
Gearcheck: November 2012,"GearcheckNovember 2012 | November 27, 2012",https://www.jazzedmagazine.com/articles/gearcheck/gearcheck-november-2012/
Gearcheck: October 2014,"GearcheckOctober/November 2014 | October 24, 2014",https://www.jazzedmagazine.com/articles/gearcheck/gearcheck-october-2014/
The First Wes Montgomery International Jazz Guitar Contest,"News | April 17, 2015",https://www.jazzedmagazine.com/news/the-first-wes-montgomery-international-jazz-guitar-contest/
"Keeping the beat: For 25 years, NJPAC’s ‘Jazz for Teens’ has Offered Young Musicians lessons, Performance Experience — and a Connection to Jazz History","News | September 8, 2022",https://www.jazzedmagazine.com/articles/featured/keeping-the-beat-for-25-years-njpacs-jazz-for-teens-has-offered-young-musicians-lessons-performance-experience-and-a-connection-to-jazz-history/
Charlie Watts 1941-2021,"ArchivesAugust/September 2021Backbeat | September 16, 2021",https://www.jazzedmagazine.com/archives/charlie-watts-1941-2021/
Squier Paranormal Series,"Gearcheck | August 22, 2021",https://www.jazzedmagazine.com/articles/gearcheck/squier-paranormal-series/
Montclair Jazz Fest Announces Lineup for Downtown Jamboree on Sept. 25,"News | September 11, 2021",https://www.jazzedmagazine.com/news/montclair-jazz-fest-announces-lineup-for-downtown-jamboree-on-sept-25/
Fender Releases New Player Plus Series,"Gearcheck | September 10, 2021",https://www.jazzedmagazine.com/articles/gearcheck/fender-releases-new-player-plus-series/
"Pat Martino, Philly Jazz Guitar Great, Has Died","News | November 2, 2021",https://www.jazzedmagazine.com/news/pat-martino-philly-jazz-guitar-great-has-died/
New Release from Sher Music,"Gearcheck | December 26, 2018",https://www.jazzedmagazine.com/articles/gearcheck/new-release-from-sher-music/
Poland Jazz Violin Festival Brings World’s Greatest to Kracow,"News | July 11, 2014",https://www.jazzedmagazine.com/news/poland-jazz-violin-festival-brings-worlds-greatest-to-kracow/
Xerox Rochester Int’l Jazz Fest Starts June 20,"News | June 12, 2014",https://www.jazzedmagazine.com/news/xerox-rochester-intl-jazz-fest-starts-june-20/
"Sheryl Bailey, Lena Seikaly To Headline Second Annual Mel Bay Jazz Festival","Uncategorized | September 5, 2014",https://www.jazzedmagazine.com/uncategorized/sheryl-bailey-lena-seikaly-to-headline-second-annual-mel-bay-jazz-festival/
Hot Wax – Album Reviews – October 2014,"Hot WaxOctober/November 2014 | October 24, 2014",https://www.jazzedmagazine.com/articles/hot-wax/hot-wax-album-reviews-october-2014/
Jazz at Lincoln Center Presents The Ray Charles Songbook May 20-21 8pm,"News | May 19, 2016",https://www.jazzedmagazine.com/news/jazz-at-lincoln-center-presents-the-ray-charles-songbook-may-20-21-8pm/
Film On Bill Frisell In the Works,"News | June 12, 2014",https://www.jazzedmagazine.com/news/film-on-bill-frisell-in-the-works/
Gear Check – April/May 2016,"April/May 2016Gearcheck | May 20, 2016",https://www.jazzedmagazine.com/articles/gearcheck/gear-check-aprilmay-2016/
Jazz Arts Group Announces 2014-15 Columbus Jazz Orchestra And Inside Track Season,"News | August 1, 2014",https://www.jazzedmagazine.com/news/jazz-arts-group-announces-2014-15-columbus-jazz-orchestra-and-inside-track-season/
Jamey Aebersold Presents Summer Jazz Workshops Piano Closed,"News | May 19, 2016",https://www.jazzedmagazine.com/news/jamey-aebersold-presents-summer-jazz-workshops-piano-closed/
Gear Check: March 2014,"GearcheckMarch 2014 | March 26, 2014",https://www.jazzedmagazine.com/articles/gearcheck/gear-check-march-2014/
Hot Wax – April/May 2016,"April/May 2016Hot Wax | May 20, 2016",https://www.jazzedmagazine.com/articles/hot-wax/hot-wax-aprilmay-2016/
Hot Wax December 2014,"Hot WaxNovember/December 2014 | December 3, 2014",https://www.jazzedmagazine.com/articles/hot-wax/hot-wax-december-2014/
Tenor Saxophonist Benny Sharoni And His Quartet Featuring Pianist Dave Restivo,"News | April 27, 2016",https://www.jazzedmagazine.com/news/tenor-saxophonist-benny-sharoni-and-his-quartet-featuring-pianist-dave-restivo/
Dave Holland,"August/September 2014Spotlight | September 5, 2014",https://www.jazzedmagazine.com/articles/spotlight/dave-holland/
The Django Reinardt NY Festival,"News | June 16, 2016",https://www.jazzedmagazine.com/news/the-django-reinardt-ny-festival/
MIT Festival Jazz Ensemble with EVIYAN – April 22nd,"News | April 13, 2016",https://www.jazzedmagazine.com/news/mit-festival-jazz-ensemble-with-eviyan-april-22nd/
GearCheck: September 2014,"August/September 2014Gearcheck | September 5, 2014",https://www.jazzedmagazine.com/articles/gearcheck/gearcheck-september-2014/
"Jazz in the Valley Returns to Poughkeepsie, NY on Aug. 15","News | June 24, 2021",https://www.jazzedmagazine.com/news/jazz-in-the-valley-returns-to-poughkeepsie-ny-on-aug-15/
Gator Lightweight Gig Bag for Radically-Shaped Guitars,"Gearcheck | December 2, 2020",https://www.jazzedmagazine.com/articles/gearcheck/gator-lightweight-gig-bag-for-radically-shaped-guitars/
NashVegas Select Series Models from Dean Guitars,"Gearcheck | April 22, 2020",https://www.jazzedmagazine.com/articles/gearcheck/nashvegas-select-series-models-from-dean-guitars/
Holdsworth Endorses ISP Technologies,"News | April 13, 2016",https://www.jazzedmagazine.com/news/holdsworth-endorses-isp-technologies/
The Meredith Signature Quick-Change Acoustic Guitar Capo,"Gearcheck | September 8, 2020",https://www.jazzedmagazine.com/articles/gearcheck/the-meredith-signature-quick-change-acoustic-guitar-capo/
SE Custom 24 Roasted Maple Limited from PRS Guitars,"Gearcheck | November 12, 2019",https://www.jazzedmagazine.com/articles/gearcheck/se-custom-24-roasted-maple-limited-from-prs-guitars/
Grover’s Locking Vintage Deluxe Guitar Tuning Keys,"Gearcheck | January 29, 2020",https://www.jazzedmagazine.com/articles/gearcheck/grovers-locking-vintage-deluxe-guitar-tuning-keys/
Levy’s Leathers Classics Series Padded Black Leather Guitar Strap,"Gearcheck | August 24, 2020",https://www.jazzedmagazine.com/articles/gearcheck/levys-leathers-classics-series-padded-black-leather-guitar-strap/
Hosa Pro Guitar Patch Cables,"Gearcheck | April 22, 2020",https://www.jazzedmagazine.com/articles/gearcheck/hosa-pro-guitar-patch-cables/
Session HT Models from Godin Guitars,"Gearcheck | December 18, 2019",https://www.jazzedmagazine.com/articles/gearcheck/session-ht-models-from-godin-guitars/
Loog’s Electric Guitars with Built-in Amps,"Gearcheck | November 2, 2020",https://www.jazzedmagazine.com/articles/gearcheck/loogs-electric-guitars-with-built-in-amps/
Henna Dragon Spruce Acoustic-Electric Guitar from Luna,"Gearcheck | April 8, 2020",https://www.jazzedmagazine.com/articles/gearcheck/henna-dragon-spruce-acoustic-electric-guitar-from-luna/
Home,"| July 23, 2021",https://www.jazzedmagazine.com/
2021 DC JazzFest Will Feature Tribute to the Legendary Andrew White,"News | August 11, 2021",https://www.jazzedmagazine.com/news/2021-dc-jazzfest-will-feature-tribute-to-the-legendary-andrew-white/
Kurt Elling Confirms U.S. Tour Dates; New Album Out in October,"News | July 8, 2021",https://www.jazzedmagazine.com/news/kurt-elling-confirms-u-s-tour-dates-new-album-out-in-october/
JALC Announces 2021 Summer Jazz Academy,"News | July 19, 2021",https://www.jazzedmagazine.com/news/jalc-announces-2021-summer-jazz-academy/
Peter Sprague’s Rendezvous In Realtime Live in Concert,"News | July 14, 2021",https://www.jazzedmagazine.com/news/peter-spragues-rendezvous-in-realtime-live-in-concert/
DC Jazz Festival Announces DCJazzPrix Finalists,"News | June 24, 2021",https://www.jazzedmagazine.com/news/dc-jazz-festival-announces-dcjazzprix-finalists/
Alex Lifeson Les Paul Axcess Standard – Viceroy Brown,"Gearcheck | June 24, 2021",https://www.jazzedmagazine.com/articles/gearcheck/alex-lifeson-les-paul-axcess-standard-viceroy-brown/
Charlestown Jazz Academy Jazz Combo Summer Camp,"News | July 6, 2021",https://www.jazzedmagazine.com/news/charlestown-jazz-academy-jazz-combo-summer-camp/
41st Festival International de Jazz De Montréal,"News | August 10, 2021",https://www.jazzedmagazine.com/news/41st-festival-international-de-jazz-de-montreal/
"Al Di Meola: ‘Never Idle, Always Stretching’","November/December 2018Spotlight | December 20, 2018",https://www.jazzedmagazine.com/articles/spotlight/al-di-meola-never-idle-always-stretching/
On the Scene: John Daversa and Bob Mintzer,"April/May 2018NewsSpotlight | May 7, 2018",https://www.jazzedmagazine.com/articles/spotlight/on-the-scene-john-daversa-and-bob-mintzer/
Alex Skolnick: Defying Expectation,"October 2018UpClose | November 16, 2018",https://www.jazzedmagazine.com/articles/upclose/alex-skolnick-defying-expectation/
Hot Wax: Jazz Album Reviews – October 2018,"Hot WaxOctober 2018 | November 16, 2018",https://www.jazzedmagazine.com/articles/hot-wax/hot-wax-jazz-album-reviews-october-2018/
Alvarez’s Cádiz Series,"Gearcheck | November 14, 2018",https://www.jazzedmagazine.com/articles/gearcheck/alvarezs-cadiz-series/
Hot Wax – December 2018,"Hot WaxNovember/December 2018 | December 20, 2018",https://www.jazzedmagazine.com/articles/hot-wax/hot-wax-december-2018/
The 13th Session,"CurriculumNovember/December 2018 | December 20, 2018",https://www.jazzedmagazine.com/archives/november-december-2018/the-13th-session/
Gearcheck: October 2018,"GearcheckOctober 2018 | November 16, 2018",https://www.jazzedmagazine.com/articles/gearcheck/gearcheck-october-2018/
Building a Lasting Lineage Through Mentorship,"Lessons LearnedOctober 2018 | November 16, 2018",https://www.jazzedmagazine.com/articles/lessons-learned/building-a-lasting-lineage-through-mentorship/
The Juilliard Jazz Orchestra and Wynton Marsalis Honor Blue Note Records in April,"News | March 21, 2018",https://www.jazzedmagazine.com/news/the-juilliard-jazz-orchestra-and-wynton-marsalis-honor-blue-note-records-in-april/
Daisy Rock’s New Picks,"Gearcheck | November 28, 2018",https://www.jazzedmagazine.com/articles/gearcheck/daisy-rocks-new-picks/
Pablo Ziegler Trio Wins Grammy For Best Latin Jazz Album,"News | March 7, 2018",https://www.jazzedmagazine.com/news/pablo-ziegler-trio-wins-grammy-for-best-latin-jazz-album%e2%80%a8/
What’s on your Playlist: Leslie Pintchik,"November/December 2018October 2018What's on Your Playlist? | November 16, 2018",https://www.jazzedmagazine.com/articles/whats-on-your-playlist/whats-on-your-playlist-leslie-pintchik/
Jazz Journalists Association Announces 2018 JJA Award Winners,"News | May 16, 2018",https://www.jazzedmagazine.com/news/jazz-journalists-association-announces-2018-jja-award-winners/
Hot Wax – March 2018,"Hot WaxMarch 2018 | March 21, 2018",https://www.jazzedmagazine.com/articles/hot-wax/hot-wax-march-2018/
Riverview Jazz Festival Returns To Jersey City This June,"News | May 30, 2018",https://www.jazzedmagazine.com/news/riverview-jazz-festival-returns-to-jersey-city-this-june/
Slash Chords – Part II Beyond Western Harmony,"Focus SessionSeptember 2007 | September 5, 2007",https://www.jazzedmagazine.com/articles/focus-session/slash-chords-part-ii-beyond-western-harmony/
Maximizing the Benefits of Solo Transcription,"Focus SessionJanuary 2008 | January 9, 2008",https://www.jazzedmagazine.com/articles/focus-session/maximizing-the-benefits-of-solo-transcription/
Roni Ben-Hur,"October 2007What's on Your Playlist? | October 30, 2007",https://www.jazzedmagazine.com/articles/whats-on-your-playlist/roni-ben-hur/
Blackstar introduces St. James Series: The Lightest All-tube Amp in the Market,"News | May 17, 2022",https://www.jazzedmagazine.com/news/blackstar-introduces-st-james-series-the-lightest-all-tube-amp-in-the-market/
October/November 2007,"Hot WaxOctober 2007 | October 30, 2007",https://www.jazzedmagazine.com/articles/hot-wax/octobernovember-2007-2/
Hi-Line Music Hosts Summer Jazz Workshop And Program,"News | August 7, 2019",https://www.jazzedmagazine.com/news/hi-line-music-hosts-summer-jazz-workshop-and-program/
Hot Wax: Album Reviews – August/September 2019,"August/September 2019Hot Wax | August 28, 2019",https://www.jazzedmagazine.com/articles/hot-wax/hot-wax-album-reviews-august-september-2019/
D’Addario XT Strings,"Gearcheck | August 21, 2019",https://www.jazzedmagazine.com/articles/gearcheck/daddario-xt-strings/
March 2011,"GearcheckMarch 2011 | March 23, 2011",https://www.jazzedmagazine.com/articles/gearcheck/march-2011/
September 2010,"GearcheckSeptember 2010 | September 24, 2010",https://www.jazzedmagazine.com/articles/gearcheck/september-2010-2/
Gearcheck – March 2011,"GearcheckMarch 2011 | April 18, 2011",https://www.jazzedmagazine.com/articles/featured/gearcheck-march-2011/
Delfeayo Marsalis: A Responsibility to the Music,"ArchivesArticlesMarch 2011Spotlight | April 18, 2011",https://www.jazzedmagazine.com/articles/featured/delfeayo-marsalis-a-responsibility-to-the-music/
November 2010,"GearcheckNovember 2010 | November 19, 2010",https://www.jazzedmagazine.com/articles/gearcheck/november-2010/
Dr. Larry Ridley: The Roots that Have Produced the Fruits,"May 2011Spotlight | June 7, 2011",https://www.jazzedmagazine.com/articles/spotlight/dr-larry-ridley-the-roots-that-have-produced-the-fruits/
Delfeayo Marsalis: A Responsibility to the Music…,"March 2011Spotlight | March 23, 2011",https://www.jazzedmagazine.com/articles/spotlight/delfeayo-marsalis-a-responsibility-to-the-music-2/
Leslie Pintchik,"November 2010What's on Your Playlist? | November 19, 2010",https://www.jazzedmagazine.com/articles/whats-on-your-playlist/leslie-pintchik/
January 2011,"GearcheckJanuary 2011 | January 16, 2011",https://www.jazzedmagazine.com/articles/gearcheck/january-2011/
Keeping the Flame Alive,"November 2010Spotlight | November 19, 2010",https://www.jazzedmagazine.com/articles/spotlight/keeping-the-flame-alive/
Deborah Latz – What’s on Your Playlist?,"July 2013What's on Your Playlist? | October 9, 2013",https://www.jazzedmagazine.com/articles/whats-on-your-playlist/whats-on-your-playlist-2/
GearCheck – January 2014,"GearcheckJanuary 2014 | January 6, 2014",https://www.jazzedmagazine.com/articles/gearcheck/gearcheck-january-2014/
Approaching Altered Sounds,"Focus SessionNovember/December 2016 | December 13, 2016",https://www.jazzedmagazine.com/articles/focus-session/approaching-altered-sounds/
GearCheck: October 2013,"GearcheckOctober 2013 | November 8, 2013",https://www.jazzedmagazine.com/articles/gearcheck/gearcheck-october-2013/
South Bend Jazz Fest Celebrates Sixth Year,"News | October 5, 2017",https://www.jazzedmagazine.com/news/south-bend-jazz-fest-celebrates-sixth-year/
Using Tone Rows in Jazz Composition Part II,"Basic TrainingNovember 2013 | December 17, 2013",https://www.jazzedmagazine.com/articles/basic-training/using-tone-rows-in-jazz-composition-part-ii/
NEC Jazz Orchestra Releases New Big Band Album,"News | November 22, 2016",https://www.jazzedmagazine.com/news/nec-jazz-orchestra-releases-new-big-band-album/
The Titan Jazz & Art Festival: A Model for Others,"January/February 2017Lessons Learned | January 12, 2017",https://www.jazzedmagazine.com/articles/lessons-learned/the-titan-jazz-art-festival-a-model-for-others/
Taylor Guitars Introduces New American Dream AD27e Flametop Acoustic,"Gearcheck | January 20, 2022",https://www.jazzedmagazine.com/articles/gearcheck/taylor-guitars-introduces-new-american-dream-ad27e-flametop-acoustic/
Eventide MicroPitch Delay Pedal,"Gearcheck | April 29, 2021",https://www.jazzedmagazine.com/articles/gearcheck/eventide-micropitch-delay-pedal/
Gibson Partners with Everly Brothers Family for Limited-Edition SJ-200 Acoustic Guitar,"Gearcheck | June 15, 2022",https://www.jazzedmagazine.com/articles/gearcheck/gibson-partners-with-everly-brothers-family-for-limited-edition-sj-200-acoustic-guitar/
Gibson Wins Another Definitive Ruling on Iconic Guitar Shapes and Trademarks,"News | August 3, 2022",https://www.jazzedmagazine.com/news/gibson-wins-another-definitive-ruling-on-iconic-guitar-shapes-and-trademarks/
Hot Wax: Album Reviews – May 2017,"April/May 2017Hot Wax | May 1, 2017",https://www.jazzedmagazine.com/articles/hot-wax/hot-wax-album-reviews-may-2017/
St. Gregory the Great Catholic School Strengthens Music Program with new Casio CT-S1 Keyboards,"News | November 3, 2021",https://www.jazzedmagazine.com/news/st-gregory-the-great-catholic-school-strengthens-music-program-with-new-casio-ct-s1-keyboards/
Next Generation Jazz Festival Presented by Monterey Jazz Festival Hosts America’s Top Young Jazz Musicians,"News | March 6, 2015",https://www.jazzedmagazine.com/news/next-generation-jazz-festival-presented-by-monterey-jazz-festival-hosts-americas-top-young-jazz-musicians/
Workshops in NYC for Jazz Musicians of all Levels,"News | April 2, 2015",https://www.jazzedmagazine.com/news/workshops-in-nyc-for-jazz-musicians-of-all-levels/
The Brooklyn Rooftop Series Presents the Oz Noy Organ Trio on May 20,"News | May 13, 2021",https://www.jazzedmagazine.com/news/the-brooklyn-rooftop-series-presents-the-oz-noy-organ-trio-on-may-20/
Juilliard Jazz Presents Dos Reyes Del Bajo,"News | March 23, 2015",https://www.jazzedmagazine.com/news/juilliard-jazz-presents-dos-reyes-del-bajo/
Live From Rudy Van Gelder’s Studio: Joey DeFrancesco & All-Star Band May 15-16,"News | May 8, 2021",https://www.jazzedmagazine.com/news/live-from-rudy-van-gelders-studio-joey-defrancesco-all-star-band-may-15-16/
The 3rd Annual New York Hot Jazz Festival,"News | April 2, 2015",https://www.jazzedmagazine.com/news/the-3rd-annual-new-york-hot-jazz-festival/
"Cadence Jazz World Offers Four Free Streaming Events May 6, 10, 15, 28","News | May 4, 2021",https://www.jazzedmagazine.com/news/cadence-jazz-world-offers-four-free-streaming-events/
Jazz Rock Pioneer Larry Coryell Embarks on Stateside Tour with Strings Attached,"News | February 20, 2015",https://www.jazzedmagazine.com/news/jazz-rock-pioneer-larry-coryell-embarks-on-stateside-tour-with-strings-attached%e2%80%a8/
Blue Note Announces In-Person Reopening with Blue Note Jazz Festival from June 15 to August 15,"News | May 11, 2021",https://www.jazzedmagazine.com/news/blue-note-announces-in-person-reopening-with-blue-note-jazz-festival-from-june-15-to-august-15/
Gearcheck: February 2015,"GearcheckJanuary 2015 | February 5, 2015",https://www.jazzedmagazine.com/articles/gearcheck/gearcheck-february-2015/
"Django A Gogo Festival to Take Place from June 3 through June 6, 2021, at The Woodland in NJ and Drom in NYC","News | April 29, 2021",https://www.jazzedmagazine.com/news/django-a-gogo-festival-to-take-place-from-june-3-through-june-6-2021-at-the-woodland-in-nj-and-drom-in-nyc/
Hot Wax: Album Reviews – February 2015,"Hot WaxJanuary 2015 | February 5, 2015",https://www.jazzedmagazine.com/articles/hot-wax/hot-wax-album-reviews-february-2015/
Monterey Jazz Festival Announces 2021 Next Generation Jazz Orchestra Members,"News | May 17, 2021",https://www.jazzedmagazine.com/news/monterey-jazz-festival-announces-2021-next-generation-jazz-orchestra-members/
The House of Swing at Dizzy’s Club in October,"News | September 21, 2021",https://www.jazzedmagazine.com/news/the-house-of-swing-at-dizzys-club-in-october/
William Paterson University in NJ Presents Mother’s Day Music with Houston Person and Bill Charlap,"News | May 6, 2021",https://www.jazzedmagazine.com/news/william-paterson-university-in-nj-presents-mothers-day-music-with-houston-person-and-bill-charlap/
Roland’s SP-404MKII Creative Sampler and Effector,"Gearcheck | October 13, 2021",https://www.jazzedmagazine.com/articles/gearcheck/17109/
Nikki Hill Set to Perform March 13!,"News | March 6, 2015",https://www.jazzedmagazine.com/news/nikki-hill-set-to-perform-march-13/
IK Multimedia Releases AmpliTube X-GEAR Digital Effects Pedals,"Gearcheck | October 8, 2021",https://www.jazzedmagazine.com/articles/gearcheck/ik-multimedia-releases-amplitube-x-gear-digital-effects-pedals/
"The Lost Interview: Red Norvo, 1994","January 2015The Lost Interviews | February 5, 2015",https://www.jazzedmagazine.com/archives/january-2015/the-lost-interview-red-norvo-1994/
Godin Launches the A4 & A5 Ultra Fretless Basses,"Gearcheck | October 8, 2021",https://www.jazzedmagazine.com/articles/gearcheck/godin-launches-the-a4-a5-ultra-fretless-basses/
Juilliard Jazz Presents Federal Government and States Rights,"News | April 2, 2015",https://www.jazzedmagazine.com/news/juilliard-jazz-presents-federal-government-and-states-rights/
Blues Alley Outlines Plans for March and April 2021,"News | March 19, 2021",https://www.jazzedmagazine.com/news/blues-alley-outlines-plans-for-events-in-march-and-april-2021/
Digital Glasgow Jazz Festival Set for June 18-20,"News | June 17, 2021",https://www.jazzedmagazine.com/news/digital-glasgow-jazz-festival-set-for-june-18-20/
Mutual Mentorship for Musicians’ Virtual Festival Set for June 12-13,"News | June 3, 2021",https://www.jazzedmagazine.com/news/mutual-mentorship-for-musicians-virtual-festival-set-for-june-12-13/
Eventide’s New TriceraChorus Pedal,"Gearcheck | October 8, 2021",https://www.jazzedmagazine.com/articles/gearcheck/eventides-new-tricerachorus-pedal/
"Make Music Day 2021 Features Enrico Rava & Bebo Ferra on Facebook Live on June 21, 6PM ET","News | June 24, 2021",https://www.jazzedmagazine.com/news/make-music-day-2021-features-enrico-rava-bebo-ferra-on-facebook-live-on-june-21-6pm-et/
Reverend Re-Releases the Flatroc,"Gearcheck | October 1, 2021",https://www.jazzedmagazine.com/articles/gearcheck/reverend-re-releases-the-flatroc/
NAMM Announces Webinar on Potential Impact of Lacey Act on Imported Instruments,"News | June 9, 2021",https://www.jazzedmagazine.com/news/namm-announces-webinar-on-potential-impact-of-lacey-act-on-imported-instruments/
Cort’s KX507 Multi Scale Marks Celebrated Return of Multi-Scale Electric﻿,"Gearcheck | November 3, 2021",https://www.jazzedmagazine.com/articles/gearcheck/corts-kx507-multi-scale-marks-celebrated-return-of-multi-scale-electric%ef%bb%bf/
Jazz at Lincoln Center Lauds Top High School Jazz Soloists at Essentially Ellington Virtual Festival,"News | June 7, 2021",https://www.jazzedmagazine.com/news/jazz-at-lincoln-center-awards-top-high-school-jazz-soloists-at-2021-essentially-ellington-virtual-festival/
Wadada Leo Smith: ‘Never Teach from the Book’,"ArchivesOctober 2021Spotlight | October 26, 2021",https://www.jazzedmagazine.com/articles/spotlight/wadada-leo-smith-never-teach-from-the-book/
New Jazz Ensemble Music Released by Excelcia Music Publishing for 2021-22,"Gearcheck | June 2, 2021",https://www.jazzedmagazine.com/articles/gearcheck/new-jazz-ensemble-music-released-by-excelcia-music-publishing-for-2021-22/
Gator Cases’ Fret Mutes,"Gearcheck | October 27, 2021",https://www.jazzedmagazine.com/articles/gearcheck/gator-cases-fret-mutes/
Fujiwara/Halvorson/Bynum Trio to Perform Live at Rhizome DC on June 20,"News | June 7, 2021",https://www.jazzedmagazine.com/news/fujiwara-halvorson-bynum-trio-to-perform-live-at-rhizome-dc-on-june-20/
NAMM’s Museum of Making Music to Celebrate Grand Reopening on June 15,"News | May 17, 2021",https://www.jazzedmagazine.com/news/namms-museum-of-making-music-to-celebrate-grand-reopening-on-june-15/
What’s On Your Playlist: Tony Glausi,"March 2021What's on Your Playlist? | March 18, 2021",https://www.jazzedmagazine.com/articles/whats-on-your-playlist/whats-on-your-playlist-tony-glausi/
NYC’s Birdland Jazz Club Reopens July 1,"News | June 9, 2021",https://www.jazzedmagazine.com/news/birdland-jazz-club-reopens-july-1/
Blues Alley Announces Monday Night Jazz Series in April,"News | March 27, 2021",https://www.jazzedmagazine.com/news/blues-alley-announces-monday-night-jazz-series-in-april/
Timeless Communications Divests of MI/Education Trade Magazines,"News | June 24, 2021",https://www.jazzedmagazine.com/news/timeless-communications-divests-of-mi-education-trade-magazines/
Hot Wax: January 2018,"Hot WaxJanuary 2018 | January 16, 2018",https://www.jazzedmagazine.com/articles/hot-wax/hot-wax-january-2018/
Michael Tate: What’s on Your Playlist?,"January 2018What's on Your Playlist? | January 15, 2018",https://www.jazzedmagazine.com/articles/whats-on-your-playlist/michael-tate-whats-on-your-playlist/
Coming Into Your Own,"Focus SessionJanuary 2018 | January 15, 2018",https://www.jazzedmagazine.com/articles/focus-session/coming-into-your-own/
Gear Check: January 2018,"GearcheckJanuary 2018 | January 16, 2018",https://www.jazzedmagazine.com/articles/gearcheck/gear-check-january-2018/
Dave Loeb and the Jazz Studies Program at UNLV,"January 2018UpClose | January 16, 2018",https://www.jazzedmagazine.com/articles/upclose/dave-loeb-and-the-jazz-studies-program-at-unlv/
Yamaha Honors Kite and Magadini with Legacy in Education Awards,"News | December 13, 2017",https://www.jazzedmagazine.com/news/yamaha-honors-kite-and-magadini-with-legacy-in-education-awards/
Dianne Reeves And Wycliffe Gordon To Join NYO Jazz,"News | February 21, 2018",https://www.jazzedmagazine.com/news/dianne-reeves-and-wycliffe-gordon-to-join-nyo-jazz/
Carnegie Hall’s Weill Music Institute Announces Details for Inaugural NYO Jazz Program,"News | December 13, 2017",https://www.jazzedmagazine.com/news/carnegie-halls-weill-music-institute-announces-details-for-inaugural-nyo-jazz-program/
Kopcho Named 24th Jimmy Lyons Scholar to Berklee,"News | October 5, 2020",https://www.jazzedmagazine.com/news/kopcho-named-24th-jimmy-lyons-scholar-to-berklee/
GearCheck: March 2021,"GearcheckMarch 2021 | March 18, 2021",https://www.jazzedmagazine.com/articles/gearcheck/gear-check-march-2021/
Healdsburg Jazz Presents The Count Basie Orchestra: 85 Years and Still Swingin’! by Scotty Barnhart,"News | March 24, 2021",https://www.jazzedmagazine.com/news/healdsburg-jazz-presents-the-count-basie-orchestra-85-years-and-still-swingin-by-scotty-barnhart/
Charleston Jazz Orchestra Season 13 Continues with World of Jazz Events in Mid-April,"News | March 29, 2021",https://www.jazzedmagazine.com/news/charleston-jazz-orchestra-season-13-continues-with-world-of-jazz-events-in-mid-april/
Make Music Winter Returns December 21,"News | December 2, 2020",https://www.jazzedmagazine.com/news/make-music-winter-returns-on-december-21/
Juilliard Jazz Presents “The Extended Works of Wynton Marsalis”,"News | January 13, 2017",https://www.jazzedmagazine.com/news/juilliard-jazz-presents-the-extended-works-of-wynton-marsalis/
Eminence Presents Global Standard (GS) Series,"Gearcheck | December 22, 2021",https://www.jazzedmagazine.com/articles/gearcheck/eminence-presents-global-standard-gs-series/
2021 National YoungArts Week and a Conversation with Javon Jackson,"ArchivesNews | January 15, 2021",https://www.jazzedmagazine.com/articles/featured/2021-national-youngarts-week-and-a-conversation-with-javon-jackson/
The Love for the Music,"April/May 2017SpotlightUpClose | May 1, 2017",https://www.jazzedmagazine.com/articles/spotlight/the-love-for-the-music/
Wadada Leo Smith announces the first-ever CREATE Festival,"News | February 24, 2017",https://www.jazzedmagazine.com/news/wadada-leo-smith-announces-the-first-ever-create-festival/
Yamaha Celebrates John Lennon Educational Tour Bus 20th Anniversary,"News | January 27, 2017",https://www.jazzedmagazine.com/news/yamaha-celebrates-john-lennon-educational-tour-bus-20th-anniversary/
What’s On Your Playlist: Buselli-Wallarab Jazz Orchestra,"March 2017What's on Your Playlist? | March 20, 2017",https://www.jazzedmagazine.com/articles/whats-on-your-playlist/whats-on-your-playlist-buselli-wallarab-jazz-orchestra/
New Berklee Press Title Helps Ukulele Players Become Ukulele Musicians,"Gearcheck | January 18, 2022",https://www.jazzedmagazine.com/articles/gearcheck/new-berklee-press-title-helps-ukulele-players-become-ukulele-musicians/
D’Addario Foundation Launches Drum Scholarship for Women with Musicians Institute,"News | January 18, 2022",https://www.jazzedmagazine.com/news/daddario-foundation-launches-drum-scholarship-for-women-with-musicians-institute/
National Association for Music Education Elects Deborah A. Confredo 2022–2024 National President-Elect,"News | February 15, 2022",https://www.jazzedmagazine.com/news/national-association-for-music-education-elects-deborah-a-confredo-2022-2024-national-president-elect/
Regina Carter: ‘Embrace. Engage. Evolve’,"January/February 2017Spotlight | January 12, 2017",https://www.jazzedmagazine.com/articles/spotlight/regina-carter-embrace-engage-evolve/
